center 0,center 1,score,MILLISEC
562.664592180262,957.7261190911759,4391.283327663236,290430
993.2078647708418,532.3297977926168,5753.655361840893,290464
1007.3965121923787,802.8875321241503,2240.7870121583733,290497
994.374480910482,707.1724780304762,5723.035696434734,290530
1013.5885048896987,476.94234452394767,3393.220686786456,290564
927.2945288074616,1093.2378034517292,4958.969689334097,290597
974.4385238551988,1419.680704653497,5830.05421080523,290630
993.8651641708477,1348.8224965372053,3802.6274624230514,290664
996.5422268669788,1291.5293808909041,2889.505789023113,290697
1044.0994492977472,1917.0375583175203,14650.67270558303,290730
1020.7958814271211,1704.3089353789014,3756.547429828345,290764
1097.4144455392036,2088.7029468069413,12990.667928984032,290797
1072.3451430664434,1486.9811700220014,3541.267401644318,290830
1174.5923640563085,957.3854491568187,5361.136541803546,290864
889.999423909896,1107.1310187551696,4662.04117556341,290897
1100.4729474596436,923.8310988005547,2995.8761766141483,290930
1081.065110167238,938.3147884455866,2969.741308741459,290964
1091.6042271617305,971.7484667028658,2070.778270634705,290997
879.1480341791279,1051.954787644553,2164.290910049898,291030
958.3202251460434,1076.0091342752196,1251.7088615610662,291064
892.4033842092742,1036.971345974162,2846.919043361795,291097
890.734756702068,1178.8845905292624,15232.560934610216,291130
761.5061488656012,1106.8566816177404,11589.222416813895,291164
896.5994221948074,1115.109187926125,7751.579510555806,291197
1121.1242180673125,874.5477337883042,3272.839327859007,291230
1597.992803488176,1051.4120804248355,11966.851942472655,291264
1133.0585778161628,974.882536374861,2839.3727165624323,291297
975.2561303210634,1127.8467957548999,2429.7302898508015,291330
1072.3136306062372,850.0484285623579,4583.075293141744,291364
1029.3898001766825,1288.941038217032,3467.672083826567,291397
1064.284805062805,882.9790692342343,1340.3381438322383,291430
1090.9664525829792,899.5926283449666,3051.5191970941164,291464
1003.7925032252772,593.2377263795687,8049.918607938185,291497
1050.873413040823,801.7910713957508,5843.799236510959,291530
926.3070456986004,1111.9181056925188,6155.209505141803,291564
911.6453807421258,1022.1970277286144,1849.677691425573,291597
978.0837799406603,1323.4281242288907,4543.835833627183,291630
860.7716902699522,1045.2811578050655,5065.681534831833,291664
998.5320509312517,761.1215912025896,5941.321470702791,291697
1010.567457820947,615.0674759731651,6183.739266643953,291730
1053.4037855222332,799.4326069148636,6059.385289395088,291764
958.6164123391695,1137.2070981768882,5741.330865467134,291797
906.1307068875942,1131.948614198645,7030.519914504557,291830
1142.258654803145,559.4658166501328,14280.968661190687,291864
1280.9433187290513,1012.8479511434922,7756.277442238613,291897
1049.1679471078107,1301.0764773832475,7587.289783256275,291930
1188.595190985203,1011.7141248502433,867.059320781561,291964
988.7649379548291,1246.046918372634,6763.021060797476,291997
948.472758297991,1186.3696970749172,4031.7490654466283,292030
804.7568204004967,1073.8899807228138,9487.014173940057,292064
1011.2736935014482,630.8079204199971,2185.644360469782,292097
1053.8247022408354,715.7422919088207,6054.43995887553,292130
847.0703157220292,1044.6390742058404,2223.8753606451614,292164
814.7033336217414,1061.1515512864414,4757.14628719448,292197
950.576046559862,1387.3146723076204,15078.072460566267,292230
955.9511293900948,1566.571734712458,10058.94383436546,292264
1020.2810641461443,1448.3538932180904,3283.681949828621,292297
979.248867979827,1174.571922096056,2625.720589022781,292330
1003.890017262991,1216.3991445981965,4932.236776559032,292364
998.2242612865124,1350.1086153649028,6955.8885076697625,292397
932.9693822816154,1286.7353011999035,23387.555780030354,292430
1411.6994598802673,893.4512494122496,29172.52948280048,292464
1087.2431557397645,516.8733075858904,28860.07731670813,292497
1057.729260217858,693.2518239444821,9747.111129528192,292530
1019.8943988601565,752.2100127868612,4904.208442593026,292564
1013.0146363920105,672.1876655601679,6883.418421600568,292597
1038.0873963471056,739.9954379743965,17023.41104197695,292630
982.2080766915718,1312.819865785097,12117.176438039507,292664
1208.9793679100408,972.700602678899,5632.328533512627,292697
1262.503707917301,987.0836688238301,3277.113787428925,292730
1032.338230614059,1425.6468707221995,5066.797829667282,292764
1007.3534510023367,1258.235944799031,1416.374516048492,292797
1080.7230924572273,2305.94319097414,14256.270390624792,292830
1065.4792249573798,1601.913231108352,12132.92834929248,292864
1065.5877244854805,2559.5298396385224,25933.910387141408,292897
1655.5086831545161,1001.866663510323,6317.5350424489525,292930
1675.9483882267973,1054.735137236441,7047.809344387267,292964
1022.0638694497321,916.7274848657382,758.1819386396965,292997
974.7749202049508,1131.7318587015213,1026.5044903922553,293030
997.6177091603934,1038.1531678899796,104.36942688078483,293064
1007.5825790713827,751.1983759300867,466.1330471462871,293097
1011.9915467415358,727.5335043831315,1047.008476067298,293130
1096.1813158388927,989.2141916287119,827.3011373357607,293164
990.0074911472282,1289.980232406683,2299.3340657915433,293197
996.2525580653964,735.4427238065517,152.6732255943122,293230
980.2275658690479,1054.2356942311665,866.4232645745883,293264
1013.8591589402931,1272.645463989983,1622.5907697611156,293297
1024.6341380149056,1136.2650369777616,515.2254921735956,293330
991.4027172922524,1036.8942107788907,270.8782378443142,293364
999.8673646992478,1324.1287701730523,1670.3209176193131,293397
994.6133888776661,1188.7459779111769,637.9151502585131,293430
992.0394455518215,731.5551927230098,1258.3076993040659,293464
1004.4770156800884,746.8105516126564,2207.1136094761364,293497
1014.9301760217464,705.025531452585,338.8525458792606,293530
1002.6561426243239,700.224249794307,741.1451433743704,293564
1009.367391782699,770.6810989018365,600.6821130035622,293597
717.1540978060434,1012.1757430566289,494.7865161463746,293630
1053.6569867587984,656.1973788426772,12054.41295851728,293664
1365.5339614963812,975.4067715570278,6247.209091542009,293697
911.2547374626427,1019.8516493482712,4791.500641712607,293730
1048.6298566401285,985.1001039252848,364.62093571607056,293764
993.1269883267572,1245.1991808542118,1193.0773245681794,293797
1025.3076620871298,1330.830567728289,3112.3618776584,293830
1047.164157057019,1345.8488028006711,3193.207431875305,293864
1023.5925244477467,2143.627066446027,2528.3126315355566,293897
994.3855672978984,1231.7743655693905,4317.953215951868,293930
1009.3201812620623,1252.196367582982,2863.5404193542645,293964
1225.6757848593659,946.508992202734,6750.870490278371,293997
993.386945733177,1328.2721859618985,7684.8873153727,294030
975.806881090145,1100.5185598727933,1231.8284747198015,294064
986.8750085386058,1605.0735185654269,11375.92501993329,294097
972.0528761488882,1828.0519686267128,31381.823609703933,294130
552.0389479013234,969.3489040167673,8371.729346810858,294164
958.533441906058,1908.1711139203423,15796.67340702318,294197
1047.4621404183324,1919.9388011079936,10388.96762749576,294230
1018.7410690212463,1486.7207855479464,7405.665476766292,294264
980.2065968809422,1185.3558237165885,2734.671749279454,294297
956.4897895720411,1079.4343474521263,2489.1382800997912,294330
901.8148368706294,983.9511732992308,2181.4441482426755,294364
1043.195928275841,997.8836133522873,170.01084636191905,294397
992.1781794820682,1106.356755410634,586.6909955772276,294430
1004.8744927024369,1109.748227129535,1274.0027281714604,294464
1026.5031228950986,904.1332866342219,618.1260787365823,294497
1040.3561986766904,899.9569794115415,3520.8313295685034,294530
973.3927636734264,1292.0669487298248,5016.570571099133,294564
1008.4131129705054,834.4615645130418,1067.339727554934,294597
1011.421261276784,907.6733390028608,674.5078989481398,294630
1020.4992632612324,728.8333142770026,1263.776075710704,294664
999.0313767365036,1611.3357812696893,5016.643905423804,294697
1027.7559978839315,812.4173804147717,923.2807396399975,294730
1014.90895138978,970.4994451980904,164.36820027957154,294764
991.6619377099383,1480.390151277696,2047.7284521551212,294797
991.0979641873913,1380.460068238122,796.6594396438109,294830
972.7425014936439,1019.4926808591439,369.4111909552446,294864
992.2365050694765,1093.1243607863394,481.1568889556395,294897
1012.1112060163689,837.3786479245814,606.4605964466476,294930
1036.203192024359,953.7937949505441,1553.9596682720892,294964
967.6109315597079,1008.7690667458919,459.3964218214935,294997
991.5873338464801,1036.571509426664,232.72657969237426,295030
989.447409415953,1013.0625561559835,41.60580804803462,295064
1080.7414121796203,1005.7879511446966,812.3612110485938,295097
1049.7085689857472,992.6158023752745,279.6194762562975,295130
1025.495668489506,932.603881613196,739.8490084191758,295164
1008.2853931076246,1051.5833391744154,100.5350367058299,295197
1105.102710158653,1009.0964126182101,419.9364009624131,295230
1038.2537366633478,986.3836461419352,202.80287132481962,295264
993.8350695130106,1098.132050347316,210.9587327902387,295297
977.6735765623547,1026.8307255448017,219.89590197111883,295330
1013.5448819974056,792.1224652792016,488.7928880592892,295364
1007.2713274897226,902.6605120420412,230.79347008336373,295397
1005.5397932570056,915.0704890881358,736.9310696893153,295430
1000.9900194048196,940.0433100621685,252.05218523600877,295464
857.0075845638708,999.3623941588182,448.1864919589315,295497
1013.1110390487262,931.6496122470078,217.3841432824658,295530
1067.9455322408023,981.5055860888721,1539.117846494969,295564
1024.7528113166022,925.527417205995,1224.7960897457128,295597
984.1306261796684,1021.4826126461759,288.5042628776209,295630
1032.4438005046309,988.8813868835745,288.23727718902154,295664
1023.8491184715986,985.5960538601852,197.62370239421253,295697
989.7763888820107,1018.6485945871364,43.06768475864457,295730
1059.2696768838355,1008.7667699479069,229.44890078470115,295764
988.7061447625903,1024.3491470416288,130.37096614649843,295797
1033.58957882783,991.0168723089284,166.29254615978186,295830
1008.9571399480238,971.3469410580283,99.57075226044346,295864
985.8662118245994,1030.475474816272,267.0351334045359,295897
990.4476228890447,1014.6658955169017,109.14911409659422,295930
989.961677031375,1025.7691896573276,161.19234582861102,295964
989.1846588453964,1028.1492579900273,60.671646603856786,295997
1010.6790119583882,970.812614636622,204.37091652248546,296030
999.0847310476506,1046.02783185528,217.7137868432166,296064
1005.0284428896671,965.3065733116987,141.08180794499114,296097
1052.241417166232,1003.0071805505725,165.17796726512054,296130
1011.2723447227065,982.4272985242986,79.978885005449,296164
984.5309563692434,1009.9894959356922,122.19387713819219,296197
1018.4177588735122,995.7305264884778,27.282179733115285,296230
999.3533027594763,1036.2052188713474,48.29774010032359,296264
1002.5245674048051,1040.351862989888,156.76619047374732,296297
1019.4483728368843,983.9252117965201,57.23896009244094,296330
1012.0280150138616,970.5523735437662,281.2029095842012,296364
996.7999238172584,1022.652008813064,120.07805707032666,296397
988.9010234799632,1016.7829088358881,50.90241788967418,296430
990.469248970203,1028.210366754031,353.67588263442207,296464
1009.9308302538084,935.4464174927391,187.7437298665561,296497
1013.017731646957,957.664924144103,176.6785861657259,296530
1019.9072165925146,983.0503887718534,225.87448541798733,296564
992.6010510106798,1020.2574435077513,73.24236637287594,296597
997.5847295402145,1029.773761561247,82.64308016109781,296630
1022.4076325965552,993.0294714599268,79.72517396788265,296664
1033.2290566282531,987.1807130901262,298.91099206090115,296697
994.9431635520164,1046.5043673912019,177.73907020302624,296730
1001.0581388402018,1042.9602101710304,86.00241981054673,296764
997.8061587886311,1040.9293924181409,245.426803161096,296797
1000.5470484906987,1038.3305938721692,56.23304905618779,296830
1003.3105361938805,1042.6315959234714,181.80084045541773,296864
979.9505217306228,1013.9034482820284,112.28436146093617,296897
1010.5045748508832,983.3345926111328,78.18135208754231,296930
1025.9040563938033,992.3082987985496,53.62685174855371,296964
1019.9522975899476,995.8335800361486,84.5698370780973,296997
997.7569956240395,1032.2512857951153,96.06094448328136,297030
1012.1655183237327,984.0948929933304,150.24645026608917,297064
986.8670320413628,1016.9729354776322,94.32694412772997,297097
999.9615659147797,933.9828692219146,187.6060847831532,297130
995.8873010904812,1021.9186641032938,55.214592398117446,297164
996.01922279764,1026.1438657849626,48.37095136126684,297197
994.0617426831825,1022.9999326638916,72.02847403734496,297230
1039.5487006451722,995.6001328121783,127.03435211109881,297264
996.3712946159576,1033.2690948857007,140.37677236855563,297297
1006.3674264997459,1044.6726760090933,84.63898207162836,297330
994.2336675293149,1019.8188761633692,55.98047378734636,297364
1015.4637049963721,992.8004105777862,61.87507923676688,297397
1013.4747214790308,985.7267549442771,116.83683137122578,297430
1019.8335269682182,995.2299019451339,51.140000318056735,297464
990.283497809533,1032.0594224808092,196.07246678813152,297497
995.212156012625,1031.486636847922,150.05669905192048,297530
989.8464626791364,1016.4331680673529,57.35965385724519,297564
999.3286066408127,1027.3165747520468,40.05939216546,297597
1003.2520101875009,971.5317802316093,97.27641339886281,297630
1025.983868145288,987.8162595658031,281.3395957017245,297664
984.3100323106233,1016.6380815974692,146.60154409516204,297697
1010.0011778859007,971.8407001698463,195.9902735094822,297730
997.4412457081073,1015.1377782704858,42.32402420517394,297764
983.1753295879431,1018.3423682407631,129.4302697097886,297797
979.566324941664,1015.1822932573215,126.51275988811854,297830
993.777734571836,1022.0060345143517,192.20115426051677,297864
1016.0640522446877,985.6689769038194,162.3397997246204,297897
1019.3092328013162,990.253088043382,82.1123326074329,297930
986.6938556682712,1018.8240668928961,141.35193799989986,297964
1016.7020513610603,981.0381744746918,283.1646123442623,297997
1009.2255718153561,984.1621587220981,87.50888323735663,298030
1027.3677807946563,996.7395107292082,101.01008777982003,298064
998.9680148084012,1048.1716826801735,99.67234206234617,298097
1012.5669618462924,985.3038782979615,78.64582596062728,298130
995.364157473815,1025.537829688688,100.09690025574425,298164
1010.9339271961331,979.2371998341359,80.39695602113052,298197
1007.2520886413571,990.2925349356553,20.168710846553747,298230
1001.4913502739764,935.0839534501702,182.34120582502965,298264
1013.5963183271709,987.3153035183398,114.95364265308476,298297
1002.7493942904608,1039.673715586266,76.36368082913685,298330
1032.431652206617,992.2033542099014,86.27830454617022,298364
1028.4839818798825,997.2033435760789,75.00268500148576,298397
1007.2958143406684,947.6557421924858,259.7700259222889,298430
1013.2484036424745,981.5981316494135,72.29713895958304,298464
1007.2038239538197,955.5281262213059,146.59728436633566,298497
1000.0096665312979,1079.1320586471334,161.15167632980325,298530
999.1781777476145,1041.4926069281387,120.82013133321885,298564
998.2507002067272,1023.0651834359002,54.74614709403554,298597
998.9719148943404,1031.990572364689,128.99421561949123,298630
1062.5394110337743,1001.3829828315771,95.20154121201796,298664
1009.684403585647,988.2419376918688,39.07217004373404,298697
988.4352256281086,1019.9483070412444,183.21597235753524,298730
983.0859809705585,1010.8532791392156,113.45877140217517,298764
999.5031297362045,1025.9341156606354,42.50183192238178,298797
984.6103193438169,1016.8285157057388,172.65573584744686,298830
1018.4715189698877,988.6721062306078,107.39315631061532,298864
972.8374673239514,1012.1684617872589,131.64394776172583,298897
996.4002398565724,1026.2390891251982,86.68108768804872,298930
1013.0063315218741,993.7097771843355,19.67522007816966,298964
1009.8736969752827,981.5306668030902,117.28596976708353,298997
1021.952993695437,992.3233184658789,111.90755980597305,299030
994.8476647296583,1019.4154211050142,176.43090528251298,299064
978.8075012682073,1007.7011209377906,90.51435176330479,299097
1023.4957609417504,988.949905755966,118.39060672099349,299130
1010.2264043279927,985.6392457362799,82.30807682377991,299164
1001.2894893939779,1037.068691770462,120.84390557533894,299197
995.5076713587005,1041.8441625490982,93.79711986682018,299230
1001.0510267035881,1023.0162126404779,32.838319066794185,299264
1007.9554793269972,978.5836989808033,72.82165627070214,299297
997.5506173747108,1036.1460922706985,165.76753839297874,299330
1025.0549895504728,999.0786062686612,80.4220967823518,299364
1008.1338033921478,930.5364044463817,315.8495073476554,299397
1016.314899157264,989.6391607938224,139.43742020521728,299430
992.149083149021,1042.8084224452969,266.2503595003876,299464
992.9228571491991,1023.9905577073336,50.588473498850185,299497
988.688719395233,1020.5592857892059,151.31070825584965,299530
992.582242318709,1030.7618342460416,104.8647477766262,299564
998.2257670085279,1040.120223197685,70.1550284110307,299597
993.008981711116,1043.231433321806,186.34665710309412,299630
1001.4380343045414,1054.742148584193,176.78495296028774,299664
999.3699177634385,1021.3627315597929,66.1501361945488,299697
1027.0800261490558,998.4687289229346,56.571236944503646,299730
972.5118790320045,1013.7739208450703,379.2213400203038,299764
985.0500202190032,1013.9010925594224,105.07747398489674,299797
1012.2011901080532,989.3486364028571,100.6688907375893,299830
993.7644104890858,1028.5969921432231,136.18680217991084,299864
1005.1335049970601,1054.8357351320903,95.53436069165859,299897
1003.7127203949534,1050.031428101083,54.795379419857994,299930
1002.6812673171733,1040.824192647346,57.61470111572367,299964
1024.0942841107978,997.495258863098,60.22056706889441,299997
1015.9371803396738,994.4004447779537,27.442762886226728,300030
1002.1021395793774,935.515900452793,173.63804584933507,300064
995.573327007842,1029.204052286928,161.98113337832902,300097
995.9575394709459,1037.209999928098,146.08042866356834,300130
1037.266649805695,998.5114891869785,41.10357231179031,300164
1023.1960520514085,983.0553078768643,183.61502389073226,300197
996.4906178682033,1053.9449701004319,200.49863695120033,300230
992.1723190067755,1023.3367934280974,226.14295107296067,300264
1007.4118085448238,954.6198196140703,208.68000404301256,300297
998.4393272140743,1029.2828608002283,48.52488877783563,300330
980.6808842586773,1001.5398569607636,113.48446372383683,300364
997.7802166280459,1045.8455908976239,76.49027789978146,300397
995.6371819986059,1033.176243238428,114.60130764011423,300430
1001.3365238739103,1041.1198487617073,56.31042125662569,300464
979.404853892035,1007.1157514946829,164.48193168780656,300497
999.7281045038503,1041.9886619381452,110.4282155413859,300530
1008.7801045060446,982.9617199308955,67.80191599600441,300564
998.7208287771684,1031.970274014252,132.3693274282779,300597
1010.0154627208494,979.9602613193714,86.4344748105679,300630
996.8066078036055,1021.9330063583445,135.65203739930186,300664
1023.7584521200669,986.2921091800032,64.99304237412386,300697
1008.3716187116215,988.4772665909198,43.321693285636975,300730
991.7096377879686,1023.6423375928719,112.12899807226877,300764
991.1497930236832,1021.2404223044526,156.04781743418528,300797
1001.6885563641769,1030.5893743691013,63.719336811257214,300830
1032.9568733987069,994.5800930794576,250.1946770230106,300864
994.0815282430787,1020.6506798082683,67.53555163659642,300897
1036.8959659153368,1000.6565804184272,159.6847389000508,300930
995.9638572436234,1015.8723878043053,63.375657994534485,300964
992.6482101634924,1038.2785895151303,200.99623064856726,300997
1013.3112581950855,983.2467569867968,155.258042299214,301030
1002.2777870972775,1028.0276474571795,36.207881301796846,301064
1036.8069419933115,999.844818396616,72.98255517613762,301097
981.4578567400083,1015.8966233958818,55.97096851104553,301130
1010.2577608753819,979.7984791704478,160.1127838859367,301164
1021.324602586442,988.5176373733009,136.81049719564854,301197
998.0123998661652,1015.7985152766408,44.94364446588776,301230
999.3192372205775,1038.4263307524116,145.31429513790397,301264
1015.5682471794073,988.3492312598144,67.01231992358015,301297
1023.84727556199,989.8243543170909,141.93259113103858,301330
993.6139487275445,1019.8093894063853,48.81561429249078,301364
993.2301656582753,1022.2847746341438,99.65690133639146,301397
997.9856102510091,1026.1541609963745,46.88067862231703,301430
1038.7682946809555,1000.239297352303,116.2720200708558,301464
996.0401628735392,1049.7337757736482,109.53994804888383,301497
1006.194156895305,956.8014423066052,252.4714815875984,301530
978.0709207419126,1008.4475378750444,125.02989339001437,301564
1026.0660438049874,993.281587787847,103.8109222157936,301597
993.893820602679,1025.035898216303,177.649367841388,301630
987.7660264990044,1017.2437588054597,106.39429299147672,301664
1015.9988951630515,990.2209504361387,119.9128219451391,301697
1017.2110890307564,989.2031712720733,126.13794872293283,301730
1001.3934750719359,1042.1660257101742,95.44749646258005,301764
984.7491878934685,1020.1637937344829,190.21740229629597,301797
995.6106363524807,1035.7014760924458,87.73122856864819,301830
1011.1761603920277,1048.6491310252443,155.2478680332212,301864
993.9372928765407,1010.0177208260645,34.26955110275747,301897
994.1553696709667,1014.186427535528,61.94768044874017,301930
1037.2113821891608,993.7596891637103,109.11082306499999,301964
988.2750411886909,1018.1304599868967,89.04454684533383,301997
996.7993469121037,1022.995434659137,97.86526950161101,302030
1003.0381160776536,953.250007756275,97.24406216796325,302064
992.0930442915657,1019.0753746242654,71.57038632623662,302097
1030.1726808305214,994.033680595343,63.93487057814396,302130
1023.3949324523355,993.8182629873236,113.68344686453801,302164
1024.7674473650811,994.5485383601978,88.4202888947652,302197
997.7953357648372,1042.7104064088921,210.11899526911273,302230
992.0740182290394,1034.3254603671126,140.45138788266556,302264
1029.346316199192,998.482530738008,133.27681395539804,302297
1010.3876523914887,990.1806752617618,75.80936906410184,302330
998.0860972852693,1047.150580494318,104.69138123313517,302364
998.4473849592642,1037.624216976725,101.87942270927418,302397
1000.6003156625395,1031.5987259272288,80.83745407955043,302430
1018.1720260317928,984.9124857780438,148.5753845871454,302464
1032.8150788211715,994.8596572287473,101.53534266941956,302497
1003.2820266847115,974.1579149166544,73.75345393041519,302530
1012.0193534750584,987.3611680821523,79.2265815696887,302564
1008.5757095587087,958.7792999125777,116.53190105645093,302597
977.0050703765515,1010.5098285190641,142.3250089673808,302630
1019.1518387967932,987.5084062044132,94.53774916261392,302664
999.0835319178511,1036.686191048062,186.57716686273818,302697
1046.40431956295,997.505461882004,190.95774142706588,302730
1007.7127966220448,976.1162001606319,93.64470955598108,302764
1031.606479740058,995.4833391135239,37.41684128055136,302797
999.4066861835623,1059.156267979376,140.79601053706241,302830
1035.3925816450349,993.8892569955455,162.2564817835277,302864
1024.1817623003612,995.0406323922158,70.89548225451382,302897
1003.1590929572524,1033.6439937090763,63.42695390420641,302930
1006.4927035356504,975.4060242160866,90.88778226181533,302964
1000.6585165188808,1056.5552517497606,89.84847112101728,302997
994.996714715807,1029.628707875749,196.04303566857877,303030
993.140867050358,1028.000952001905,134.06346308632493,303064
993.7190178868774,1050.214306439378,122.13113723359457,303097
995.6607603989675,1015.5054813529108,38.183707365641936,303130
1021.8224626424031,997.8969634187721,43.10696314872055,303164
1014.9818335455273,986.5549169220025,122.8842360000975,303197
987.1547487745247,1014.8139096768849,58.625656128899436,303230
989.2831573194821,1033.5451276589706,160.67727097979693,303264
1020.9689608186527,991.1108511116928,117.41727966674922,303297
1011.3012737212296,931.2212411666735,354.12160892627037,303330
1018.7768725700714,985.3372548439717,94.21680736332983,303364
1001.3437817443353,1054.5885453578567,97.1188745028363,303397
1003.7342839325336,1052.8941067362853,120.53387131278747,303430
1013.0437826865779,991.1975603089056,96.79530443503141,303464
987.9553188161552,1015.1585859233994,104.13364304586472,303497
1000.9527570017368,1042.4064180917248,42.44757254156592,303530
991.593305953202,1046.1940546571655,214.65053527204964,303564
988.9693157611265,1028.7623698982325,267.9277190425435,303597
995.104523114531,1033.6743042621847,28.887100835892127,303630
996.9885320808888,1021.3296819369402,25.469425629731457,303664
1057.4956264684974,1001.5865836436924,177.9231499605912,303697
1001.4882826759066,1042.7708310227983,109.99680925599658,303730
1044.8744093904606,1000.9226280913977,154.50421815320297,303764
988.7621082733202,1018.121265168507,113.3096832533001,303797
1017.5558440347999,994.8432575130415,44.697086216846266,303830
1023.7035509696842,998.5973622697045,67.11958219627395,303864
997.5023688356023,1034.915597003377,50.846779666284505,303897
977.6305702510834,1009.9282193330988,133.16500044536798,303930
1051.589838033815,995.2789276452145,166.03006877774575,303964
996.2750968662024,1046.535235909427,283.39214930824704,303997
1005.8067516201305,1047.2640545726756,75.88945032823908,304030
983.5300080449533,1016.496969591244,94.67784725656766,304064
998.6230955521982,1043.972247851662,57.46442716403545,304097
986.7056010468581,1006.2374187835605,54.82061178321608,304130
996.0015237149987,1046.542250381302,157.847195480804,304164
1013.8521840115386,980.1924421213436,163.93827498679613,304197
1002.2581311339054,1030.133884726948,76.33156544295663,304230
982.4836057290778,1012.3627265129386,136.39424345329397,304264
1005.150751262751,954.6549742767365,205.95139097401372,304297
991.4289322018237,1024.687468435838,70.82498857060244,304330
1016.9042279362329,989.9507520337598,113.38999740463318,304364
988.2801766250162,1016.8907825009841,80.19320107800968,304397
996.5863265238427,1027.7268175729391,77.03826856492645,304430
1016.5590544372378,994.3263634187985,50.84876719187081,304464
1009.080543960553,970.5073032274485,276.20463334938046,304497
994.9438175327593,1024.1890813730136,112.77291441714975,304530
995.1734993979496,1039.569141519697,121.82372367164952,304564
994.2916761409277,1020.8234081794853,50.337868120877026,304597
996.2255537867331,1033.8813982940856,80.48385125317954,304630
997.0632486080412,1030.752459324471,114.19354464525958,304664
1027.6012754688338,990.9316321747881,108.16898252383957,304697
1011.0574143035299,959.2694325714594,223.8596640729694,304730
993.2604879841542,1029.3133963824603,120.57192186593002,304764
993.6005833397982,1019.3408582854902,82.94162453421201,304797
993.7682867466904,1013.6731416558787,46.911246262226676,304830
1022.918332314082,993.6943681835712,89.84339721428304,304864
975.3337407329636,1009.1915494785543,177.35786594179507,304897
1020.394164843746,990.5616877971918,148.85537666836822,304930
1020.1196680812563,991.9022061689451,42.65852260195333,304964
989.7537747511459,1020.4340652384669,131.8531545116474,304997
1001.4808462769681,929.18297444583,229.376854879897,305030
1018.9046845444872,994.1375918686185,186.66535538277265,305064
995.6676954063051,1024.1886726894468,52.71414717565111,305097
1005.7257286073509,1032.7731524322287,54.99248939041732,305130
1008.7961466270568,965.758769051568,48.12231854695026,305164
992.7563741677503,1019.4013498399497,55.729329369750005,305197
1001.7173769761318,978.5979766993186,37.72424005270287,305230
997.5468926051238,1042.877456021265,111.31014533958802,305264
1000.2014821499703,1059.832533941094,133.90464091165043,305297
981.1618289127755,1011.8733070126101,149.97099059319774,305330
1009.7107369737067,954.4432728506541,196.46605276285743,305364
1054.942652469792,1003.2330054647579,167.5788601353949,305397
996.2879026987863,1042.6207364137738,172.01357823073286,305430
996.6158231801625,1028.378630081078,135.4450243158839,305464
1014.2750811289343,982.5686162018228,175.74743389588537,305497
1015.5553589635339,989.6108510539937,78.79042396707365,305530
1036.0142539071508,995.0075527286839,183.42377439060485,305564
1013.4814094437145,988.0527031800515,59.93618104278074,305597
1038.426924369694,993.7010658438335,65.79737778703249,305630
988.4121987882661,1022.0728010215074,65.63951400154865,305664
998.5646063091567,1024.3304980187647,43.2368088190302,305697
981.2878177954327,1012.8659997582484,60.85347351118319,305730
995.0138801623733,1019.0488589737533,56.67134788770479,305764
989.9571538687189,1023.8395347349809,146.22630673985245,305797
1000.2748060357866,1062.3624616862176,154.55673642698133,305830
1000.0170947263847,1031.3211756839562,85.74564804150043,305864
972.3432774921381,1016.3397825473246,257.6566764360207,305897
1018.7759760087423,997.451092796714,40.551995584734506,305930
1015.0009071535363,987.6299553914909,86.48244836354405,305964
992.7227255497031,1032.799881871314,136.05100872831554,305997
992.2960200828361,1014.5196025868793,63.23009103483257,306030
1015.7640058127276,959.8534682002183,548.5454205049487,306064
1024.7311071605561,989.0109424983613,75.44761804745934,306097
1018.4151211454697,987.9903098496476,88.41675904885302,306130
998.9555955393839,1033.9389849705087,48.57010899104271,306164
993.6376255196847,1048.3268530009132,269.0946289845438,306197
1007.6472792852318,983.6764263669586,50.09285104478517,306230
993.6856312457769,1027.8585570819105,107.76086982924795,306264
988.6714982928272,1012.2536349425169,27.825758574092433,306297
1006.0279030351592,969.386180253036,116.05380917995126,306330
1036.891285044175,997.4515635085796,182.84837158995006,306364
987.6268413699411,1017.9638602959461,126.99479474194978,306397
1008.1573178267081,954.8324460343815,391.9295567800667,306430
985.8289602395489,1031.162591660098,154.87875585347032,306464
1001.1523962784977,1066.3817327767763,92.52675074755972,306497
985.6523400924237,1019.7023919601976,88.22848505047804,306530
1018.8953302510308,996.6079373266978,47.59625204954141,306564
998.615595142949,1038.0844282329958,79.86163236295751,306597
1009.1287581954429,978.0631506058302,164.23775857981627,306630
1026.5644049824589,1001.1074719655581,48.50100168916708,306664
1004.8211418463221,1046.6395072464938,124.9763481374454,306697
974.4087050720076,1014.6803091144773,180.9989820428732,306730
963.718185310278,1006.607415252656,259.897306702772,306764
1001.0289096746933,1048.1057521448297,85.79660011764646,306797
1003.9920570099873,1080.291164455213,141.49950986735004,306830
998.3268094137562,1041.203150206529,133.43782340874273,306864
1025.4254469757857,990.120128603481,114.41157432943731,306897
996.1622467676136,1035.4783934518537,155.79227293673,306930
962.3354193470992,1011.0515907210506,287.1881103266767,306964
1022.8573651526101,989.3572436257608,79.68360697458235,306997
993.9029079840593,1020.6681314500759,75.80765600352191,307030
1003.3066050935442,1028.2784225273965,107.66424536732288,307064
992.5159413133066,1011.2988219323713,63.46374770478762,307097
998.9563063039578,1036.0534635745003,48.102190049312135,307130
989.544023822183,1016.8836692350131,152.06764071199044,307164
996.9861536748369,1019.4126943894853,50.20906680544197,307197
994.0698242435761,1024.3103409230241,98.22296920361973,307230
989.5775728050652,1018.0108969192231,61.130288727963894,307264
1006.8020712914216,958.4305012148084,86.84107927196514,307297
1010.3644836494927,987.7728596582358,57.08043426493957,307330
1042.7483354540595,1002.9982880559307,47.79320249335792,307364
996.9520913773315,1043.620027807893,99.96752014232747,307397
992.4760590339125,1029.9940410695497,69.27281118747648,307430
1030.1386434423641,999.1017861001085,190.008541160229,307464
983.0156850102002,1019.6195386152949,190.9055012025847,307497
994.0875597669768,1032.5640457558131,95.07839722365202,307530
993.3372703328918,1033.105028542597,197.60669781739125,307564
1054.7255567207992,1005.2440331888431,184.93976202581734,307597
1009.1660090869849,970.102056486842,275.06009404344246,307630
1009.7844077059171,946.9878563107343,219.22723091828345,307664
1016.1100839282052,994.2123014986736,41.68056351243368,307697
992.2321171786948,1011.3971700942477,43.30686011315132,307730
994.811715362906,1037.1513872140363,205.22816064768622,307764
1010.8655586175853,981.4491078382486,59.229579688667144,307797
1024.394939099089,990.1015580697814,140.3061770212386,307830
1026.3606564494014,997.879277200363,80.1035447486177,307864
1032.1694089290725,1000.3089654044481,93.0657877171352,307897
992.425579773151,1042.9876823927393,359.41875103365874,307930
1000.5144218487923,1035.861786355424,72.70401729926749,307964
1017.29942760296,997.273889058203,51.192200891926944,307997
1016.942426373374,977.8256676834471,190.2582013960168,308030
1027.5480136518793,1001.7732499061055,62.55319097340587,308064
1013.198768413507,984.1491775051992,133.65770275826736,308097
997.3611409854298,1044.0307854553575,243.92982846497299,308130
999.6193940284063,1023.4515967807849,24.162342128982814,308164
994.6260385279626,1020.2904618492249,55.951657805566064,308197
992.4002715765722,1012.8502250740265,33.41755392662151,308230
1007.291573370476,974.4139486097101,46.735405558576865,308264
998.4907573166618,1029.7577384996919,63.73413927203112,308297
1017.8456014458866,990.7631845789452,143.95910168231512,308330
1021.9503230914345,992.0408198336016,91.11191094350842,308364
1021.4728478660109,985.7507423723962,207.69963603235783,308397
1011.0659205206476,966.8710360038425,169.55806630286102,308430
940.1600927501656,1002.3616020506563,248.83521312901695,308464
994.1287874164154,1017.125256633782,138.0040050741246,308497
1007.9873259222261,959.8610501493249,147.2259849008202,308530
1016.7016206334413,977.661627742764,125.5153424380644,308564
1011.4169277378869,974.6249676664637,135.80940776978647,308597
1035.9468357039282,995.9453040438244,150.53357886586457,308630
991.0290610336635,1015.6846823307876,72.36211792624435,308664
996.3872071227808,1047.9390837514695,207.46862098611325,308697
992.0403025463008,1050.419440033361,162.3982944036392,308730
983.1138675599259,1018.8960516608009,214.0961376671791,308764
996.599307148095,1030.3919463257162,61.534434254866134,308797
983.9079932465679,1016.2380309289223,206.28134163576826,308830
1014.0427420684636,980.6604169251184,71.46806154072955,308864
1020.2306223712733,996.626525428499,43.71730817433777,308897
1012.391601090964,983.7111372222823,61.49716064239297,308930
1029.1049305978286,987.7245114896116,291.76733441646945,308964
1005.7941711168452,1053.9006330408765,165.1526798624203,308997
998.988189376734,1050.5263406396239,105.10841970840556,309030
993.3480394558122,1021.811124495605,64.3785764454752,309064
995.6503767253437,1015.2044898910776,98.33030455681005,309097
995.4135551934809,1022.2297879893547,170.49341442211133,309130
1003.3506126021276,1031.0144765680045,41.712077190104694,309164
997.2995039143976,1044.9540659761078,93.54499281474308,309197
991.7267062784904,1050.2528180645065,161.84516193423653,309230
995.2744020746368,1020.9235153428914,43.61411858817388,309264
996.7100142045325,1065.6204765299885,125.7705312735129,309297
1026.7473101150795,999.3493954288806,28.65185107202018,309330
980.0862206969344,1010.792723854361,240.24491189218605,309364
996.4819764552063,1020.0847243984815,73.61807672050392,309397
998.1188224072521,1023.3467179249793,78.88128574674049,309430
1046.4764689184367,994.6614140321411,105.064941437878,309464
1025.4909648470275,991.4230758853842,131.19271518619777,309497
987.285714296281,1006.9177102194848,57.72189186445003,309530
1031.2049963172883,995.7722595008413,52.511307226963865,309564
988.2279064941182,1014.7193955899584,69.21031023262243,309597
1009.2138788800235,980.0659538174414,59.45017374779721,309630
1022.1377210702034,987.5649855895205,135.16284113412829,309664
1006.4211887085215,1046.7480956786285,153.48787755163326,309697
998.7112351714018,1028.6553880988138,72.09125020663156,309730
976.3324228970376,1007.3023238559756,252.66214031933748,309764
1023.4798487976226,995.3705041816959,129.44656875628218,309797
997.6644592581137,1041.9987446435712,159.44299285319306,309830
1020.0847610124968,994.3271448207223,167.96147149167575,309864
1009.42226381455,968.0281963842494,209.43450356765297,309897
1007.7167212451872,965.03559740739,68.33445261565087,309930
1013.8159877603555,972.1676810098143,103.0390559041087,309964
1011.5676350226762,978.2488232534589,100.43250710141065,309997
995.7221504373505,1043.7547604681859,181.6355712892294,310030
983.2842244292552,1011.153444838791,98.28089916752887,310064
1005.6289332996461,1053.5606294846064,100.13500965099814,310097
1026.1518371181226,1001.2416732997629,92.37406549407729,310130
939.0420650854785,1001.7849403269356,103.84848559845446,310164
994.2755337352677,1017.2690621581971,72.11399741848687,310197
1007.6856371877029,975.282209380483,131.18991297070713,310230
991.0220224610042,1015.322343193324,61.908314637411834,310264
989.7470503767319,1023.6473594510971,63.31460280548417,310297
1045.1450613754155,998.8342003476976,218.52393701256395,310330
1011.0512610794488,990.688473532729,97.52962955995177,310364
1031.8147805359527,993.6527178129473,142.99882419790134,310397
1000.4795031353117,1056.9697252050316,59.9670964724555,310430
1017.5741900695995,985.0506814293327,156.3073912024179,310464
988.2113435951484,1024.5426702860357,114.06121895018363,310497
1027.58600613282,999.1654919027224,106.10890071891431,310530
991.9178597634167,1017.1298659425453,76.08508478871728,310564
985.8582232821282,1025.6402125581308,170.05114944442622,310597
1006.4389661967748,964.9453817577337,90.75330324965063,310630
998.2811258619097,1026.5620666682582,55.84725603703623,310664
997.890619234116,1033.6468757733699,126.71863347955733,310697
1020.4155572362811,994.4214733441528,66.65546011301538,310730
1005.3719737576221,1073.8901247334384,199.1767115485133,310764
1027.0099744965826,989.607099649792,65.7537599094164,310797
1026.8728066896415,995.0854278402394,109.10383697617657,310830
974.6780935379143,1013.6701983803899,248.0612050525903,310864
1015.3303561035003,986.9487555754556,55.03428988479561,310897
945.230130708919,1002.2722478162474,90.58296124267108,310930
1004.0230608205314,984.7708252020414,33.412791596519064,310964
1010.1146852962571,984.9530051507965,88.66484763575555,310997
1034.8021832622624,998.508008165746,112.58050708756909,311030
987.7077810827329,1024.8450450668727,175.7725049453109,311064
997.1113856072698,1044.136614538624,123.12932643596477,311097
1021.6410256633735,992.6731394330995,82.19545715850425,311130
1015.8024129958485,987.141966105802,51.898024800752275,311164
978.1322302894104,1014.7417248231582,202.71594823329067,311197
1007.4793952797276,953.7012110718954,98.8800789041011,311230
1009.4061801694892,963.8801792754118,136.87585058271793,311264
995.2530369390543,1039.0784170445222,113.1154004969443,311297
978.6301087850728,1011.7726649984997,120.71723773946965,311330
1013.9843063141367,976.133807865302,106.45271056997409,311364
1016.3712485535222,986.6142384436737,124.69392577957325,311397
992.1078972560974,1016.7963001556805,66.0194168940892,311430
999.4642362061957,1040.7357974048937,62.76413160512711,311464
969.5852113507832,1008.8680464688883,149.31083510495984,311497
992.0911961177162,1018.3830288169207,62.68077625254505,311530
964.7471171244825,1006.7606271846778,156.3995915584004,311564
996.7250969235935,1021.6324308005466,47.65257372041092,311597
1032.681339883328,990.3290374857647,272.90280640662263,311630
997.4391001189646,1022.6001195387976,72.69754127622554,311664
1015.0989444731752,965.2538526211641,239.84811767800377,311697
995.434069681175,1024.9421563132341,138.02442597454808,311730
979.7660581016556,1012.4558238868176,126.78045688265243,311764
1009.4605689184981,991.6122481701365,50.46506427874686,311797
997.8335385814644,1044.9304892861092,141.78260532020235,311830
1002.5560435385529,1038.6341148192942,118.97883145375218,311864
1007.142896549111,919.2127066136543,147.89630060605563,311897
1005.9759916862944,1051.554088004987,90.64013706968912,311930
993.0366648456007,1015.4610997460983,45.949161481584824,311964
996.3075116411679,1047.603455511674,426.7656794400032,311997
990.6602718419806,1020.0067865057964,111.47934528552717,312030
992.9878547488187,1028.187401100881,81.9970202691407,312064
1006.2890052586263,980.6604756814635,51.05431576841547,312097
996.9361503469656,1035.4275326475874,104.27008699683502,312130
1031.7119346235916,997.7649397282638,64.13202347000501,312164
1012.2129514091087,980.928080990919,188.6207061555507,312197
1019.3011883272636,985.1356638137049,97.95525924744888,312230
984.7221157581956,1015.2212887164651,136.7221550134113,312264
1005.5791496083759,941.8136758403967,254.976248086894,312297
995.2574542100499,1038.497068570654,160.82506311725712,312330
1004.2120919711075,970.4737835903154,131.73289351610003,312364
997.7417906798296,1042.164184616883,98.72635941286354,312397
994.4207844624827,1033.6793708723753,257.17790315477777,312430
993.2960024895254,1021.8721233970448,84.25579675999076,312464
1008.2765161842642,947.3425990632956,360.6062830211476,312497
1023.1903332789577,994.417498346235,110.18549251761736,312530
1010.2602251237691,975.9239328794316,129.44106024261927,312564
996.944579937032,1083.9886564033059,478.3387623167395,312597
979.7012351475278,1067.4275760563821,398.6389478598741,312630
1013.7895082670427,1815.4087693960278,1593.3026615161382,312664
1034.828607454509,1868.6008134430424,2167.6847216013357,312697
982.2915837805048,1166.757371159003,3183.423492949345,312730
1024.277662972553,1493.6358324571622,6884.7901231686965,312764
1371.6542831426339,996.0823274492884,8638.093414710156,312797
1023.795574617566,1374.1637457013628,4610.928539534783,312830
1003.6892414132069,1350.8781988938117,4492.303959022959,312864
891.847167242854,1098.809869887196,11171.55735252697,312897
1135.4813060112326,987.9456803957869,1978.4792541385432,312930
1133.9157046842797,922.2767549819918,2715.0735655111453,312964
986.693783090499,1201.6664112226672,3975.6434521370725,312997
951.0208960583498,1267.2368739609876,3644.6098082299736,313030
986.4666493555696,1347.362566458445,6767.5219266458735,313064
1099.0503053845719,959.9303090657263,1514.8128720250143,313097
1063.038103302416,820.2979995184556,2603.2275796070726,313130
1124.9569940324056,981.8328204244144,2645.2848320584394,313164
951.6805057240632,1135.8088342911333,2615.6975416735986,313197
938.323413960978,1087.7825097693458,3715.2801886553275,313230
995.207885102834,724.3652393647834,5164.604935585761,313264
927.4851384994414,1075.7658744230673,2037.4808976361937,313297
971.0539598870889,1281.456637539026,5890.875918434533,1604684
925.0911372507092,1237.2066196510996,8737.257784302246,1604717
1356.9983188853782,978.7687924674046,8007.535887451021,1604751
1240.1272682400875,1021.3396151678032,4199.8276226081625,1604784
1015.0879050929819,1754.8780584416684,15473.949939946438,1604817
940.6235814559162,1395.017702552292,7207.156473896142,1604851
960.299384926747,1275.0943114288546,9205.747396346665,1604884
992.0370228613631,787.983362922937,1984.7588149626029,1604917
868.1053843795929,1008.9225364605547,1522.5297069963751,1604951
1005.9211803950882,857.6302214776866,2257.8945713472244,1604984
1002.1877730144435,806.4524400557386,1741.8120399495235,1605017
1019.9076755792373,775.8350340117414,3968.393904142818,1605051
938.5427220163474,1078.068558479147,1972.6950477994267,1605084
1153.97990926986,999.397466587212,1757.0365872308203,1605117
1058.1709122420968,1295.7739000304027,5859.291349753505,1605151
1046.4206077170738,1261.6455177235148,2616.94372014523,1605184
1133.517492391571,959.0805044443616,4588.952702958093,1605217
1010.1884489142601,2127.247282287605,3734.906982001127,1605251
946.228568088383,1400.4249355106472,9696.269939462274,1605284
1009.0339509890307,862.0181028288521,1323.7229594445441,1605317
999.1087173850377,1466.5408279349062,5682.609859295074,1605351
1028.0942996262338,900.102115200225,1699.5979560607725,1605384
915.6304785337254,1019.1908053090016,1173.3657941386964,1605417
1166.299967585733,967.6295215741767,4127.911695781102,1605451
1035.9000317499026,1366.657601595952,3987.022018682811,1605484
1021.0433020612854,1317.3628960920373,1525.0684688968615,1605517
1080.3119353473094,979.528750069191,425.52630377804667,1605551
904.2024725669726,1053.2052203794974,5352.4568737373675,1605584
1023.0783236426471,758.4760428915133,3128.1707229292415,1605617
1011.4762104318801,603.7052260830611,833.6143003300087,1605651
986.2377842326425,1201.8523203788393,1746.9390471706429,1605684
1054.531630580238,1580.9253619320552,8706.49100525861,1605717
1010.4052487457068,1364.9857142109583,1014.2120973876655,1605751
947.6208038614633,1040.9493062466147,2436.7310116959525,1605784
1000.2681201962512,1382.459402658899,1629.1706536890777,1605817
1042.158180898155,1475.9017582481565,1498.932715498526,1605851
993.9225949690774,792.3156864517249,1230.8691533708914,1605884
1020.1364819554162,758.0855520998616,3208.3047783052175,1605917
645.2221838588785,1023.8175499474598,2177.2078808168876,1605951
886.1151166750288,998.7953796525435,890.6268952103288,1605984
962.8532295535351,1022.5023785867845,620.8030767168349,1606017
994.5627027985826,862.6407131593082,298.2092745257864,1606051
1031.2384192428412,961.1303609333985,690.8062996647068,1606084
995.8780941552728,1124.380081094546,875.261124250698,1606117
1012.8810035065962,1083.5766275654414,519.9343567190979,1606151
1019.7292112375038,663.9563238647554,719.2143172164716,1606184
986.8038284924514,1058.3339753519824,638.2020389211489,1606217
975.7964236265847,1075.8123832875526,1228.0444244013759,1606251
989.1225480128168,926.3283335064432,435.6274727315741,1606284
974.8117834213327,1137.6628629023899,1471.1184428874815,1606317
1017.4636468074337,927.7456396359371,1077.627619278245,1606351
1008.834184463117,849.1301431465026,547.6256896705644,1606384
1006.5324242498151,1162.3596689493318,383.34448526381965,1606417
999.5674033704499,1249.837189397083,754.5510175058303,1606451
1109.9805208534706,973.6281579754365,1187.7675713585131,1606484
967.9039425371501,1054.583231594188,2081.616938913192,1606517
1015.7601021518482,897.22765311171,626.0849533358851,1606551
1009.464645234503,563.4021654200487,6219.20911052602,1606584
1023.9442335116433,792.8341566809543,1043.915143866998,1606617
984.4590621892975,1087.1591090468316,802.7579175744736,1606651
985.6841376736865,1087.426323217608,1441.0200571048495,1606684
1146.7286937815197,995.5986500169633,655.4144068960245,1606717
1006.9757942767725,1501.0316452360357,1800.7724915122103,1606751
1105.9823687563921,1005.8526146844863,227.47048398406267,1606784
999.775835525189,1178.061543383876,926.3442726457342,1606817
1019.985216927874,941.9113546401275,484.1429532707916,1606851
1002.176893935215,778.6128691461502,235.52114760423504,1606884
999.4696732188271,653.4232931262858,536.8839235009083,1606917
1018.2718471972212,748.3214549911021,1783.9501868721802,1606951
1008.7876939677317,1084.2928571193302,147.807726605618,1606984
1006.4690280232248,1030.8983013988473,106.16741443598603,1607017
1014.2497231796027,988.2712375411392,66.39430966489856,1607051
1010.3436482443566,947.819885034764,571.0311941750637,1607084
989.0176786059209,1042.986618040029,177.46471122205787,1607117
1002.7741915877492,814.0374684251334,149.65516866917696,1607151
1013.8843278580698,1333.1481538073704,337.51793071824045,1607184
1001.2439103760266,1037.370309480066,92.14350064377916,1607217
1004.0330070940056,876.5899839719822,296.47333251674013,1607251
991.126217432573,1029.841674862744,185.17664455406296,1607284
997.7027867894109,1060.8343024318974,181.77351467693018,1607317
1082.67750260921,1002.3173420898142,468.669309260058,1607351
1007.2162170128055,1086.6066445591064,439.8110785576577,1607384
1137.1939148623685,1005.6206945599106,442.107884403061,1607417
1005.4546087569599,1057.2577736767887,210.39066308053845,1607451
1003.3445099695382,920.6443395796229,243.9948308974187,1607484
1009.8016375316625,895.1971849821691,237.86621670258702,1607517
1000.847298195043,865.9260938440416,303.35063243858593,1607551
1004.4756120106979,793.0725061430386,196.94988703104693,1607584
1031.3947906146132,992.1614206556073,390.182731809086,1607617
1003.9958500510195,1216.8134614639994,433.66643666448357,1607651
1003.3607316145801,1096.0095802500998,310.40204895884585,1607684
1032.4289941562674,999.8087785576364,83.39384868411717,1607717
995.2112713356644,1023.2063127331334,95.54947067425836,1607751
1016.1244049769324,972.8265802796598,407.03501532408933,1607784
1007.2479757422777,888.3203251080097,214.10487553092207,1607817
1005.0894988307494,919.420469643786,352.6357637750614,1607851
865.3259501482664,1007.2177839369906,422.850655507243,1607884
989.8290029166244,1022.2354612719797,80.57682134891478,1607917
1107.619519510197,1001.9777298316361,154.38992858266218,1607951
1081.082790539189,1001.9909564338966,144.38474971374205,1607984
1017.0020666694971,982.381018581151,273.8829141494709,1608017
1007.2606372813602,974.130292503293,122.76579152969548,1608051
1011.2139994051435,941.0621658530323,214.31582459462527,1608084
998.0221186371924,1061.4381753074458,137.95519175441942,1608117
999.5922454400073,1035.6395830065374,35.33683452457611,1608151
996.0598496622287,1029.9932469161315,178.44918621473934,1608184
1020.0243262384902,996.5209496874262,43.95212412243642,1608217
1014.0684979796364,985.9624510581604,110.70126807914211,1608251
1012.7421191122371,966.9510390745099,113.84231878369457,1608284
1012.1947627070671,978.5252207705192,168.75233955395194,1608317
996.0066476537921,1029.0511595895985,141.74078139942597,1608351
1023.5940049999383,997.4881640775576,72.98987118419865,1608384
995.7736879804993,1030.561473202908,132.6328028309432,1608417
1024.4564405235428,999.610581391032,78.43680699191452,1608451
995.6483174154766,1024.6558491035232,41.50543507837682,1608484
1028.693918186759,993.7176400453818,84.49845071070462,1608517
987.9061231914944,1027.8018292624195,196.46667095329522,1608551
1035.2249630416004,1004.3421622175332,98.44932008438796,1608584
999.0178166387408,1018.1024250304508,38.15208779602609,1608617
996.235657703667,1039.5044933216252,160.04050963456137,1608651
990.2213871050266,1015.0501629415636,52.91117025591769,1608684
991.1583107200282,1023.6026099523037,125.97412922325087,1608717
1001.1548506511746,1026.7254103665682,67.1347230708432,1608751
999.2976874144549,1059.5343878866465,124.26810222181524,1608784
1011.9895103091288,974.936921036433,195.48274935418993,1608817
1024.2045417781562,990.4619991113524,117.76587439906619,1608851
1003.9268435154432,1066.62739072037,288.2776865618331,1608884
999.2467174805222,1064.9842460977782,229.9679568956184,1608917
1011.9292389659646,1098.1748494661495,431.74120523956714,1608951
976.5021951940605,1063.0900933207583,192.09660902091252,1608984
1448.6738763434646,964.9874053756175,5596.734060393941,1609017
1009.2454864265604,845.2662302493812,478.316479650292,1609051
1024.1585290106148,983.9570296030915,117.83428017080256,1609084
1007.4351186957027,981.306744366452,161.20518327511266,1609117
966.0483916123248,1011.2963949258948,130.76587413458344,1609151
989.0307671922588,1028.4234837146576,110.59547384004738,1609184
1009.374368437181,981.0553684269183,69.46788338055579,1609217
1029.6688788149324,994.4839970302166,24.254228003629137,1609251
1002.3012298609208,1226.710234733533,692.3132902598002,1609284
984.3026579224526,1038.249850563243,159.9940426527145,1609317
993.3839561175012,1030.468074346337,111.80592358371959,1609351
999.1889864057166,1122.237497145769,296.3358595603191,1609384
974.9857159678638,1024.0623654121175,341.11971457279174,1609417
992.0785289497246,1059.8795654935432,192.40537484168465,1609451
965.2488426801356,1010.1214348697232,224.22814980267128,1609484
980.5029573359212,1023.294478960566,128.15914338110454,1609517
1009.3101717213517,1071.9950105529435,308.08273884595116,1609551
997.4612235838393,1035.0379495112202,478.2600034385991,1609584
1020.6740598918556,978.7901823525177,213.99917284864986,1609617
1000.3641583253814,923.7880905105408,442.1894821216011,1609651
982.9044980900269,1034.4632481809288,152.57318504122424,1609684
987.4762083345713,1082.1635735876532,373.2163392529815,1609717
989.6766391724736,1058.211154824854,277.33222026954587,1609751
1010.6912118798203,1097.7654938659448,523.4826376925685,1609784
989.2701682227189,1084.9268594430569,703.4911903477196,1609817
1107.1640423659182,980.8041413373326,714.7491418345751,1609851
1068.4922739118626,963.3946841688485,831.0219903281442,1609884
1005.7428743782841,817.2722924460367,1331.0642157339498,1609917
1020.6270598473019,944.0047198188361,660.1702766832874,1609951
1117.3010303488627,984.3890611235973,1189.4422460813332,1609984
936.9287146831163,1052.5578570971477,2472.605708143824,1610017
957.5386299318719,1097.890752186825,2031.2718516315174,1610051
981.5511650454949,1058.2150029591076,1324.8366212583412,1610084
995.127566187179,1478.0436394098788,927.0245585287968,1610784
1026.6915959106586,977.4047141678795,227.24005477634728,1610817
1015.3163336629511,1172.110916253236,893.3114520207072,1610851
1065.934700335868,1022.9466960460045,196.9182043780019,1610884
1045.1403700375963,990.5886298363445,493.18483837308196,1610917
1115.2534690362827,979.2761897455913,2516.3866351332267,1610951
996.4594232780482,942.3017192522011,316.0319787338663,1610984
1006.6147956582885,963.9929820030585,179.97224801435507,1611017
1028.7448124159923,990.7471090996754,90.41359088552014,1611051
1057.1094555044506,982.0290848088891,834.8918149615344,1611084
983.0354428028273,1118.1668032990426,3655.0165394991654,1611117
973.0551902970591,1067.158250288292,1401.6279460773803,1611151
990.4886073662207,817.0691525201523,1027.7442524771816,1611184
995.8528915880131,746.2392377783415,294.6530143574934,1611217
766.531147442816,1011.5715090663216,518.5291320770457,1611251
1006.2625197474599,1083.7698095075357,259.76486499337045,1611284
1014.7513896337674,2888.666128163655,238.01566939794446,1611317
1475.788602747697,1003.1518104490431,551.8592661881154,1611351
1103.5678502022429,1000.9268849298817,307.5191132395278,1611384
1064.8122662822914,999.3514539611099,226.79257653470196,1611417
1006.6510805929805,836.9593777478092,1088.8199463496928,1611451
852.1983337228488,1009.6297566465958,342.86772157805467,1611484
859.8651056997254,1008.9553215933278,517.6900259134522,1611517
1015.5248434646301,879.619235806039,1011.0839146713024,1611551
1018.655701192142,771.9339349970306,2259.965844314169,1611584
998.8573372560732,846.9958677585151,249.4725542790403,1611617
877.5648432399479,1000.0804921124236,713.7250440039554,1611651
967.8514073016297,1006.5591591595754,116.74793825454664,1611684
1013.3135937296366,967.9612456298494,212.37279836186318,1611717
1008.8057675664037,1192.1476418632049,402.3848406900908,1611751
1007.658661573481,1173.786181550967,477.74705085557633,1611784
995.4856546813618,1041.7884978333893,321.65940697128383,1611817
996.9274236288721,1026.1136943448414,70.70265716534533,1611851
1014.0728545586481,977.8990949953557,210.84308363378284,1611884
988.7998353594775,1021.6422613486294,47.68713248430825,1611917
1077.8738330621075,1006.385607063864,238.55444972535443,1611951
1029.581749089634,995.4612341196007,90.70152229484194,1611984
995.239571077494,1035.43017262832,172.0877293954231,1612017
1003.1035608192191,963.8423107542021,261.76933800314197,1612051
920.6812694955839,1005.0782558457647,237.09056912324965,1612084
998.282979054445,926.687110086247,263.4488456204114,1612117
1005.2178450943056,826.9044684847216,120.8944581459503,1612151
1007.1743145627458,847.3234329345554,375.1818955118396,1612184
1002.7069918559489,720.5372995202955,339.80771199421434,1612217
644.3562679139545,1007.5519914400813,290.25867738744137,1612251
1033.4865930790831,1003.4142702769345,50.46760845826934,1612284
1006.2028965045322,1932.44146095037,205.02824171796547,1612317
1006.8643874120341,1241.1845148889024,177.2776012628941,1612351
992.9683086392422,1027.5861251973138,89.34274644467217,1612384
982.8413946291764,1021.0662547691674,295.041285636482,1612417
1007.2255108280071,841.9186421501784,280.154852054648,1612451
1004.670741468741,847.6166586376179,211.455669682035,1612484
999.3599910365663,1030.092468108016,79.3079967783783,1612517
1040.5104602707604,996.6155862774438,289.99379202984073,1612551
991.8259204283553,1018.145721938717,58.68235346551362,1612584
995.6409365654613,1030.4818862951086,59.93572280095016,1612617
995.6801143781225,1050.9410069076189,349.37257451724093,1612651
967.8423593088489,1006.0040215347989,113.68299611536132,1612684
989.7100215989875,1028.0420953503858,129.7780630874178,1612717
1011.6147682885615,974.2628664836504,138.8890187673076,1612751
1037.8534216283538,998.4161346570493,172.32263063005055,1612784
986.6575208094007,1014.7841017334695,87.09494229145228,1612817
988.3727889653455,1008.7390362530638,19.4991454331484,1612851
1002.8284452256685,943.2555327163473,290.3722238803071,1612884
1026.6921045189824,990.8014152819485,191.42221039596328,1612917
997.6124031108895,1025.3509670122726,48.72999120010639,1612951
1033.1261476169702,999.5515257709687,83.95019823582916,1612984
994.8849891115899,1029.9020372435582,98.93168801449656,1613017
999.932887701097,1049.947141526658,176.65463067737377,1613051
1020.1138460748136,985.1054173042885,183.19834272810314,1613084
995.7275376177794,1036.797394491643,36.48754703490828,1613117
1004.0831132118825,1031.8843989902198,44.00819143541673,1613151
993.7969087922964,1020.1674246718339,66.85024013161775,1613184
997.4425685927258,1028.8002331413556,38.8017943671689,1613217
998.9301493404006,1036.8029857910383,225.83163258727515,1613251
1008.0265576854449,989.3049111076015,49.095507436726784,1613284
1055.324594615325,1002.8381983393534,167.31631952648414,1613317
991.9921911745207,1030.7834999980896,172.27905320452098,1613351
1020.3736217174643,990.5100862397973,68.54316902744584,1613384
1000.4315403867713,1035.156829475502,181.47943405664165,1613417
997.9466380895201,1047.9265241418407,70.64320529492126,1613451
1014.3738277846654,985.6246140911624,92.91141101382601,1613484
1037.2928400000346,994.7975775016371,118.74057647228337,1613517
1053.985768404868,1004.4822631564539,127.80273098961642,1613551
1032.4187709759826,996.0439260020072,137.493073217134,1613584
1031.3118755613286,996.9945424018005,107.767113806428,1613617
990.1978444110499,1021.2942957883499,108.7436811958216,1613651
996.3439106958698,1042.492050254661,189.1777168194456,1613684
994.375104579546,1023.8411777328268,47.98618991521025,1613717
1027.973835929413,992.6399987970303,121.18912574714105,1613751
1016.6952789722363,995.8135647891295,54.30406698440874,1613784
999.1006698667336,1041.0014409211929,139.04679258568072,1614784
991.3369718017112,1023.0776522996517,49.40170974571012,1614817
1015.1562857045102,976.2074047023734,166.1291981260113,1614851
991.2361301571799,1013.1816829610519,41.81747156028825,1614884
997.1460795337201,1044.2786984325592,98.1782459378371,1614917
988.5200359459848,1029.5023051799928,100.1017412757551,1614951
985.9155850040871,1014.17069674385,112.88589152349597,1614984
1002.930086499457,1035.0293522128468,36.33222394828946,1615017
1012.0375397632762,980.7219302237665,77.009916540553,1615051
1015.0938910260674,989.4026528214619,49.11901548395922,1615084
994.644119218616,1032.102501834076,95.77603182680896,1615117
1007.1140560960862,988.3679296708335,19.269203826435465,1615151
990.7698086991201,1021.2254993733658,84.83826460383574,1615184
1002.7590922252766,1042.6601683604586,98.39756953917117,1615217
997.5064237034603,1041.9599059539578,129.64913781087546,1615251
1002.462012880073,1040.6139975435676,90.29371133484811,1615284
1000.312161863908,1035.3894561490597,91.86887591854554,1615317
1011.6082790928701,979.1760178513086,124.83017770430773,1615351
995.7777198376067,1045.5324002631387,165.0297045609392,1615384
999.5354120098841,1026.8906016475344,66.00234000088871,1615417
998.6887797844216,1031.5118094650145,58.02400570441687,1615451
1041.1943541353862,995.3882555036669,121.14737104464524,1615484
1025.7766584061603,989.7498603048994,119.0472276410831,1615517
1025.6777921986738,994.7010103949858,80.86961783428112,1615551
998.282137309253,1034.3359131283826,70.85514447070285,1615584
990.0320621649264,1026.606172438169,70.76611084200664,1615617
981.8184545246746,1021.5591585448364,168.7453505563405,1615651
994.7153934173645,1025.24928598077,17.4539614605967,1615684
987.0098400824202,1017.5106217391058,155.1532537243099,1615717
990.3032249302023,1027.24791360233,87.12304924611924,1615751
996.3579999248097,1028.0690638279123,75.30544166610296,1615784
965.4093494403878,1010.1017962814162,180.6205788799808,1615817
993.2802477250716,1035.0140461122066,110.86989864366832,1615851
1019.1987484822714,992.3799473987623,81.62948859044666,1615884
1011.1728634417855,978.3357276098692,114.92128706601152,1615917
1006.1747460238707,974.714387989842,127.83162412424537,1615951
991.9307811158311,1016.2691622874269,78.59691603234029,1615984
1022.6725274414151,988.4436579904766,131.371326505178,1616017
989.1291320024696,1023.5289963315414,106.59056749785614,1616051
1007.8880326450103,969.9302419975384,168.18856144795677,1616084
996.0186593261452,1043.8745342236039,93.6714605673264,1616117
1002.5977142725244,1037.7781173356802,37.23348891004342,1616151
991.9872149226383,1028.5933485997537,90.859170506779,1616184
1024.9684827246883,986.6519171756132,164.72846430647957,1616217
981.3181385003782,1008.3761213295713,91.62878264505325,1616251
993.228076100515,1030.4203523039648,35.60031260679177,1616284
1025.5980482863356,994.69075136381,95.85484219728848,1616317
1011.9695585797381,991.8673873109308,45.73681750180708,1616351
990.2315982003561,1024.3177731580515,74.85038019460363,1616384
992.2594273697264,1033.026070210361,66.75779041803695,1616417
986.6960945700548,1015.9171988101546,58.55705180475477,1616451
1012.5585102602678,992.855138537534,98.41260136433394,1616484
1002.076182175207,1047.6282737688975,71.65919741928613,1616517
983.520160057986,1011.8672470326172,142.2290993965964,1616551
991.0574108656207,1033.9112613955122,12.716584915893277,1616584
986.5059077966238,1015.1600761379332,75.78748838942217,1616617
991.2006649397632,1021.504461473859,20.803650070400522,1616651
988.766178975186,1015.3491244462817,55.71469658422502,1616684
1016.792052627226,987.9328258640147,126.01710785341766,1616717
1000.3909948353325,1041.3766565128567,126.09414650644959,1616750
993.1564673376963,1026.4108117981932,99.88848321032407,1616784
1032.3361011669515,1002.1970341809879,75.29914221103158,1616817
990.4533151145681,1020.8966271692615,71.55223016121094,1616850
988.7810334168577,1019.589594373494,109.88208700115197,1616884
992.7532982824074,1026.650591798229,66.19304230038053,1616917
988.8008683098069,1013.2398615256661,62.035692082297345,1616950
989.152809751209,1016.8481947057174,92.73258057715707,1616984
1029.3800191260511,986.4211376278562,213.22541663324947,1617017
1025.132480068442,991.1212912557925,196.6995791866906,1617050
1011.9483003329751,990.3753835645246,35.892987847377526,1617084
994.5425565968111,1023.4752922195561,90.16396284673293,1617117
998.2239108901651,1039.8601216252473,18.369859213336245,1617150
949.2676124254951,1006.1365303479337,234.71118129226562,1617184
997.4866879895733,1027.5962538181727,103.90068550644264,1617217
1017.0779115029812,990.4710319196962,93.76538466012556,1617250
994.8097901676164,1022.319993617825,98.8219605661951,1617284
991.5627790238858,1034.1355229186224,224.83661353738069,1617317
994.6201827607903,1019.1511627197244,47.58858385281357,1617350
1023.8213334022645,994.15122249199,68.21875933463542,1617384
999.8288383611367,1056.0340903588292,113.53998310892511,1617417
1022.7208521835503,986.8188906392253,223.74136456149327,1617450
991.9892554172352,1029.2454263263714,19.917659346632227,1617484
1000.4352197619007,825.732402173973,1774.0645999611143,1619050
1011.2428470409739,926.2287115874366,393.9414509959679,1619084
1001.0146626431712,878.6909865664568,865.1915285579909,1619117
1007.7942874272742,692.1596636614994,1291.703844502727,1619150
1005.560520339822,1253.5808709453092,3501.0363035513506,1619184
952.4809859330734,1094.1292393665017,1096.6242211059307,1619217
991.8894641222513,1163.3674098675383,2966.1033345882042,1619250
986.8443652381554,1186.0557868466717,4945.188503091346,1619284
975.5142518807788,1179.639351666432,4654.767615895042,1619317
906.0014417859164,1109.6228125224768,3775.0516447015793,1619350
