,center 0,center 1,center 2,score,MILLISEC
0,959.5191903260668,3023.7885177373105,1410.1468008686188,-228124.54452417642,194031
1,926.5878597888528,3442.2929857872355,1199.992842763414,-368781.1971862654,194065
2,981.6574145842421,3172.05438162715,1752.0670649264541,-501696.6874438438,194098
3,1010.8253326725642,2413.0577856676464,584.6444678314191,-251827.4345915434,194131
4,1066.8266815901284,2489.265971115588,597.103857245774,-250482.25645173277,194165
5,1028.1374095091949,2601.230107953448,334.9165180046649,-283725.64473952324,194198
6,283.38731475495774,2607.913545843359,1022.3593113691999,-399577.5882492082,194231
7,236.40724094461393,1053.9781479425435,2859.6513773535403,-769173.3787308192,194265
8,239.34611347607927,2326.336390120741,1031.9810724460037,-534780.0659653194,194298
9,1011.8880220775266,310.069903597004,1809.411782873097,-246451.66373524728,194331
10,984.4825189247991,205.09423690140818,1225.9307422496054,-78264.87250537192,194365
11,1050.4874363084423,186.8122341348494,629.8315870033387,-102286.20706878233,194398
12,991.6086206344166,308.8738340038491,1260.3726812709197,-139201.3795356005,194431
13,1004.2856776967722,348.978427656393,1222.1863191963848,-77698.37351463259,194465
14,281.14492602119276,954.186823477962,1085.6444820938445,-96921.27326079179,194498
15,758.8521461814713,135.69697942614187,1050.2944899556717,-174346.36096838317,194531
16,430.1928628442214,1029.53930473119,130.9538385147181,-71510.87043310226,194565
17,1011.7142690231733,169.26716777357342,820.4608461102821,-61181.69739315502,194598
18,209.48876161507906,1022.0566505114664,1274.3037314549463,-52640.3409641346,194631
19,1024.749464590384,164.313334285476,1490.440874372412,-49480.66320576775,194665
20,1007.9674953929983,100.54339400483934,273.1113019400965,-31218.962969789354,194698
21,982.2624660404617,75.0768928502597,295.8282367600244,-27201.854080534526,194731
22,985.6022109514407,98.90631300112989,372.8551997759988,-26144.67327619738,194765
23,1017.9030316337387,118.3072643378008,342.90960908087715,-41257.255873124464,194798
24,1015.973311270867,150.3154439394607,1531.9366827646631,-63773.79834606408,194831
25,996.8777080777984,95.8329051058929,1468.7154251249626,-183390.57939674935,194865
26,1035.2795852697172,197.75952535128272,1576.9977805945068,-226696.55552061374,194898
27,1413.648117460636,173.2760339183086,1023.5004534956543,-145103.40576055384,194931
28,93.76729187213039,1019.9311085300512,402.01741255821247,-64636.321542441874,194965
29,996.6240367739249,83.12466650505962,1343.6744397360544,-13010.388958811262,194998
30,987.0583382646821,85.36314673096035,1421.576941287386,-9082.21883340725,195031
31,990.3497845974362,83.13614780439002,1337.7421276165298,-20617.466858412346,195065
32,1000.6932956407549,96.0217043384855,1260.2912361831293,-11248.082374335645,195098
33,81.3002068294769,998.6089716191514,1161.861657073922,-34332.06671467394,195131
34,1017.5694900451319,54.29666930591395,1325.4210651713665,-17358.35245077465,195165
35,65.87627643169685,993.3232217323534,1061.7201825423208,-6740.769323682383,195198
36,74.11843387792192,988.8172955248637,1150.06194497358,-25510.485889806027,195231
37,89.19146372204398,1005.5865314906486,1153.110617727743,-22354.934943987628,195265
38,1023.9193283162064,148.50225464470418,1260.6683021129659,-29406.416276386848,195298
39,1007.5358853521823,237.6809122171851,1205.795479729678,-117217.24082306551,195331
40,229.28667921954707,964.5343917414411,1303.051387270916,-177702.884794337,195365
41,974.4016090793415,343.9868695245899,1337.4201461292923,-184607.88995711942,195398
42,1020.4857780792823,404.81053839064566,1544.1992054082816,-204402.68859328402,195431
43,1008.6672189723547,559.6789812567044,1343.4564834855692,-144753.2009287908,195465
44,1315.7446984150656,979.2274961306622,382.90860528329733,-105503.72751737702,195498
45,1242.205046951286,989.5723494594151,474.80627628539196,-71174.58442436506,195531
46,1001.544839344428,384.3774186915771,1331.670977154436,-176952.06476090124,195565
47,1115.2895465975569,737.8811974213937,2254.7030846654734,-323179.10121309006,195598
48,1301.4664711378232,2700.782664340098,944.214409516932,-265226.3554291788,195631
49,3111.285747082707,975.3806668224549,1961.91437122011,-309240.54099067964,195665
50,990.0636326375693,3138.647001496027,2038.6616922859675,-361267.0687244344,195698
51,941.2897963386914,2418.1297195844254,1515.8337530480676,-689878.7268243621,195731
52,770.261055834304,1819.3309585888105,1072.8460077148,-308238.34931608464,195765
53,977.0661475864771,1735.1216234011997,1313.360322364448,-117415.86637752713,195798
54,1009.7554258897444,1642.9918615327229,816.3910964942055,-127791.09210651366,195831
55,1031.1380233256189,1511.2868022849264,649.5054590735139,-151856.40801408602,195865
56,940.480765502642,334.9537281476354,1276.771413311033,-210480.7365522008,195898
57,1015.8551718920595,674.4557078457307,210.92652749239483,-107542.08004556588,195931
58,939.4538709826268,1135.535680605222,547.0413585160177,-108702.24375591167,195965
59,1001.8073172075322,1199.5668217613747,730.6784832490903,-61995.352459809845,195998
60,1040.2714467704382,1261.7625232463834,942.0484393692271,-49602.27228801712,196031
61,1029.1934317432163,2984.8628109177816,1358.890661239955,-191482.05482351306,196065
62,1395.1006355827055,1013.4893124006002,2760.525674577217,-300632.09067701007,196098
63,1308.3357807083175,2521.1570954732942,967.7560272645653,-618931.454635092,196131
64,1031.5454243296938,1607.970825016949,2162.3100937234485,-311845.9839077179,196165
65,1030.7339168295655,1806.6459721891028,3585.46593903777,-346447.28479789745,196198
66,1049.681745828017,1776.5490292669679,586.1509421162214,-326239.4479568988,196231
67,1578.0128320762924,1046.862203127839,2083.318351009666,-248184.21883788012,196265
68,1006.8017872277526,1495.3405336751682,1908.4756519486532,-237844.5437556251,196298
69,918.1640340247028,1946.8241609439074,1229.334948898335,-340298.6897191015,196331
70,1069.9988633868122,708.3177253730776,1365.5985703692354,-139465.34335652128,196365
71,1019.6385692839642,1283.2076593427328,673.7970634102674,-152378.1700332806,196398
72,1020.1413929818702,307.2017536246166,652.1077483654601,-145300.2857085432,196431
73,1036.1708355408778,356.9183180653529,898.1970463833072,-55031.51485956258,196465
74,971.6588090317806,1373.7752391821257,554.1673143180092,-201804.35122972177,196498
75,623.1060139233656,1381.2229132971966,985.7032427316747,-90320.64638393823,196531
76,998.0647627262043,1405.9359033212245,570.3990956029481,-124108.76987534369,196565
77,1198.5932299907922,999.0051803006515,1421.7693202485416,-34635.23322480893,196598
78,1022.2777150356868,1472.3133443519032,815.0668002747548,-92776.8046730455,196631
79,1044.9480107790646,724.4947352909612,1621.9216473411173,-86746.46679900981,196665
80,782.130355140235,1035.0102887442783,1430.1727512254665,-120345.76647948704,196698
81,975.5738586937906,1382.4784707951253,417.3439828247198,-120400.81933015163,196731
82,980.4751366867399,1540.361796059655,461.4461442762713,-266871.6559113995,196765
83,1001.2324414484584,2292.232203871028,611.5657393176755,-233270.65761015983,196798
84,1013.1823108760468,3193.650262630522,2277.485235956536,-310643.49362959835,196831
85,1017.242954524249,3257.500422102812,2175.990808804118,-169808.65794475997,196865
86,1166.8461150395274,2745.2998091155714,934.0821794126767,-316409.04639061564,196898
87,1075.785496329709,2550.0866330676263,810.1361464988665,-404164.0872911017,196931
88,1233.4005655362002,940.0509099166405,2309.207242578239,-423998.81920195126,196965
89,977.0162711829512,2042.4560074784358,1438.9172101823515,-192897.1905280128,196998
90,954.1959969418009,2618.3121366225105,1301.1460582406426,-348967.77793811506,197031
91,2029.313430695219,1004.3716893863344,3092.0932713604752,-442030.5744808792,197065
92,2148.2236117823086,945.7633335059697,3632.720881102758,-1260969.5334841139,197098
93,1070.6866613504922,3567.453573629235,615.3572610697191,-544835.304335912,197131
94,1061.3709707201444,3419.7340539872393,570.0308958697701,-539711.8264582087,197165
95,1009.7379728194601,3116.465305438198,470.5609826036173,-133001.93114296033,197198
96,1053.8305817220712,2848.653366066149,550.1356569062611,-356548.0624654045,197231
97,565.1579653289178,3162.547232848863,1052.4923287946874,-480401.2621544769,197265
98,1021.8706877010324,3861.8432127677065,463.6906600630484,-546881.974807009,197298
99,1108.5211252417005,3798.077934956048,369.64035607176686,-626247.5746682712,197331
100,3511.081172516522,1165.9659023390143,359.9045768019332,-1136426.0157123788,197365
101,1086.4930387292109,3121.120952478452,450.33443301661373,-467075.57915259054,197398
102,2826.7610440219387,1109.5743348705512,364.99747086506613,-691007.0605280759,197431
103,383.9546326480256,2363.826452630109,1011.265682678512,-359260.0284848805,197465
104,1025.5365776098656,2257.2785895778134,545.6119506920832,-325575.0548787802,197498
105,1018.167191895915,1947.5589366914119,611.1257936400164,-268536.9738200802,197531
106,996.6812775502701,1497.479871673195,667.0537946032998,-163686.47300003754,197565
107,982.5026428921201,1529.0088292747037,483.6518160777408,-96123.86238939273,197598
108,1014.3481165711097,424.1424384397602,1255.9464119240324,-160011.1765039386,197631
109,1071.6751113701937,272.2939412341798,661.3825428248035,-135367.5835095904,197665
110,439.5789694145607,998.1834881750551,1276.1521839713294,-97940.26371486457,197698
111,1473.7500848747538,321.0629711194657,1005.3252322131628,-199718.5288995467,197731
112,1068.9226388095942,2375.889307185838,418.74858529606104,-460492.3049510987,197765
113,1006.2489979364825,2354.6168134014506,243.56723917637203,-687961.4988272485,197798
114,990.8331942170171,3440.1013066478145,2079.9110557906074,-466139.04351635475,197831
115,1013.6237504797698,3512.083284889468,2081.5275640740383,-527621.9568031835,197865
116,1649.4419074764426,3827.168274325026,982.4359982217619,-252196.84134759894,197898
117,982.7948258311321,2801.6591512887503,1360.533358568389,-199002.50580948003,197931
118,1274.0466215434149,989.278600559088,2058.1171006529244,-204849.1434648006,197965
119,1071.6098657884977,1346.8357898527863,905.2273521632227,-90687.23132824735,197998
120,1139.0887396174635,1428.3609830552014,999.107845893322,-61553.85440091798,198031
121,977.0165861662107,1638.2069466340326,1269.088398681118,-139084.94505308504,198065
122,1002.3923901783548,1519.6983179300528,561.0106950852185,-138957.50135462452,198098
123,1008.0704624895479,1460.330755162322,872.0166710625592,-94935.24639206532,198131
124,769.1673106501922,1006.4584937639769,1366.5985486961267,-46705.0176383804,198165
125,1256.5325304185324,845.3762386177277,1007.5590544152915,-50652.8805187274,198198
126,998.6428870141642,849.5335672635258,682.119603967923,-23042.66125204198,198231
127,1029.1987522675001,436.2275709308121,835.3772331356732,-97727.45111926686,198265
128,921.293992954674,601.3248847800276,1069.5052246276355,-73938.51438416351,198298
129,720.6749957686498,279.94642344563,1022.2102988092244,-105690.43656362637,198331
130,1039.982160483578,490.7676871328084,843.390804071814,-60658.85763729161,198365
131,1020.1738782343988,347.74415882944754,825.1642218696654,-50246.66091980723,198398
132,998.5132274506136,402.08705525047685,1352.733898444184,-47583.35751702336,198431
133,1003.989890207751,656.5119953207253,1221.5557411647624,-53239.54894612143,198465
134,987.5564877192311,1452.2933587949785,1100.0343016518752,-33504.78102681226,198498
135,1060.6617641881605,1628.5287839028206,753.2587002973635,-96396.8566593171,198531
136,1031.9413235704833,816.9923196408242,1232.558865279698,-84657.22824462106,198565
137,1009.827511118276,1191.2706921935064,717.854442070257,-38817.65643404128,198598
138,1033.0677380814102,1337.7847231498374,829.2202233750564,-55581.081627496285,198631
139,1028.2732093274008,1587.6509720270592,579.5291324230064,-186911.04773462104,198665
140,1705.5038908357992,469.63803077020214,1029.1089531025234,-166600.51915841375,198698
141,1018.3846622062018,363.0158570479764,1555.9440894571985,-87291.32009215356,198731
142,1578.6241057167017,1005.7681335812115,320.7754290682244,-246103.62157964014,198765
143,987.1212204032282,268.17764831427735,2044.0887945488082,-114413.03002279234,198798
144,1004.8468097558342,2220.8552406674326,476.38997968820695,-166208.8734578906,198831
145,988.879676783848,2417.246780947283,498.36354080359104,-174711.88229278402,198865
146,1003.5461454342584,2096.357316871339,356.1552103963237,-111982.3439278608,198898
147,1031.9259783881764,2179.6671764285484,433.27643402225567,-186814.77233215582,198931
148,990.7662639598192,219.38956746197505,1766.8902059833827,-125687.21896152805,198965
149,996.4446494743446,185.5881443262225,1399.9210383705,-166703.28310357765,198998
150,1033.2924651185554,2033.215059650693,325.8907569408175,-234337.5905083809,199031
151,1004.4886130398405,2211.7353323690318,178.33779735071357,-96384.54581914545,199065
152,173.9051516015935,2175.7340173287835,1000.3501603742013,-115280.43103782422,199098
153,1007.5359580099708,2280.0259292702813,247.33738340025275,-243793.94764362823,199131
154,1038.6047130752424,345.76207345533,2430.423568335493,-409653.9837026623,199165
155,1083.8411233379866,2945.2449813215876,288.01880024164893,-561187.8899208517,199198
156,1045.5782857239549,2902.3883268784,220.96640309444751,-120405.56901301158,199231
157,1076.0528243199342,3103.729047452435,298.8638568226893,-356966.6128977805,199265
158,1060.2879534163128,3974.5361993571023,310.3434628877337,-295483.55441274255,199298
159,1857.6958694620444,1062.3825215972224,346.16250269222803,-317149.7232325091,199331
160,1032.2341361605932,461.4010758477691,1721.5591123999247,-363515.59696183697,199365
161,1006.0657509690193,463.7555564706756,1234.2855572352214,-145260.41203648757,199398
162,1023.9730318979582,418.32000828131976,717.7778207774325,-75121.02109150149,199431
163,1005.6440907072529,308.300913727834,711.1912320926654,-47370.59258203537,199465
164,970.7439911388088,602.5207367946273,334.65951262257624,-62326.213984918715,199498
165,966.2316433820446,275.17166446667045,560.6360484381898,-78562.688842885,199531
166,965.6801010539374,116.59096617389355,470.9392804308165,-72762.7545105057,199565
167,961.8943011986405,442.6956387017826,47.92702786528707,-138234.93904294705,199598
168,979.4693893068974,309.53108450085426,586.521287954733,-77170.52730739398,199631
169,244.3639217025236,999.4449339599016,597.7275949552825,-55338.449478643495,199665
170,1002.2909862058723,240.27510126471373,620.7055676113778,-64991.10670230844,199698
171,468.41940972907327,1017.2236716167776,213.52403972202353,-103294.76912849289,199731
172,1034.40544113928,72.45023377038137,653.125100523077,-120059.86991662368,199765
173,1026.3614554361745,146.1940813118954,1554.3712555242394,-236268.63928204842,199798
174,207.67027682674484,1050.1204535736554,1697.7426188913323,-143520.7522709786,199831
175,992.9803789861343,384.4038324907316,1482.873224520559,-127950.51882471527,199865
176,1024.3435070625474,190.1202901906895,516.8752530656034,-125893.54144153594,199898
177,148.55480930699457,1018.522597844619,619.3922106052464,-206265.46765595532,199931
178,1026.1056275999658,556.8754044983931,214.02949696271526,-142382.08999911573,199965
179,1015.8702366324999,276.085881437328,839.3776476646972,-83809.53209583063,199998
180,1020.7436766357148,140.20162043846165,565.9263405323471,-125079.81679387557,200031
181,1012.4298245426264,130.89208114479857,441.7500502566987,-54618.18150254656,200065
182,1004.7651619525573,245.34380025487587,105.61249926026744,-25306.187929202766,200098
183,993.7302259211167,279.261327821637,145.08768425057212,-28188.26955976416,200131
184,997.9288361228494,243.8085447975866,1244.2592173658993,-51372.53793584626,200165
185,262.44591178939663,1003.7960188309667,1537.0725422048238,-69730.00561168679,200198
186,1007.4288285152305,230.42208515646507,1498.4348501019322,-51167.64550718881,200231
187,1004.6710125111244,267.1305211171755,1302.0986905761022,-41393.772736413426,200265
188,1004.4753020922958,264.64486417126454,1317.3184884453722,-121935.99163773071,200298
189,982.6219346034796,215.6147419159721,1362.2279544921987,-110202.27045187441,200331
190,1017.0226472734323,226.4486954624465,445.38063766185905,-65493.19836149279,200365
191,1028.4733916522412,316.8772433457933,731.5353716670165,-69927.97321165826,200398
192,1028.2965834780819,145.33392669234058,582.3793442866485,-59023.18006599588,200431
193,1375.7125426483542,321.5858883416013,1016.7013774277731,-150134.21914474998,200465
194,1029.704488934788,134.87935096671595,556.3003397800496,-67309.29823509985,200498
195,458.79617433438216,1000.2129064751293,170.31047362106176,-42676.163927531015,200531
196,199.85827616853976,1008.1089392881067,890.8113258590457,-33324.47244859238,200565
197,155.27860197371047,996.2704802015169,747.8268516174048,-60615.73303103164,200598
198,89.15692171612409,990.6966965272138,500.118710372486,-99559.80106734346,200631
199,980.5107591584085,81.73800841219008,579.0599081134039,-81325.08320232862,200665
200,613.0896542187745,995.55198582095,67.37309295132218,-63646.68917140364,200698
201,559.8504371036967,1009.1120835199225,80.26860500526936,-34109.89781143053,200731
202,459.52780489463305,1017.0566242364181,51.508545209917656,-62475.498676019946,200765
203,1030.8960587674892,110.19382723395552,569.3985587390143,-100884.54107938895,200798
204,1024.4554277038676,131.94342054633205,569.1346355987306,-92165.25073058474,200831
205,1011.1129977911044,152.45436889574864,1126.7717653660377,-34897.18434120521,200865
206,1002.9290989374152,95.00219429310789,1059.2497774229903,-11992.908094629494,200898
207,102.15195366313412,1012.9768969608111,1512.8307902736512,-23124.985168716164,200931
208,98.91195100210973,1009.4607407393875,1508.3368324084645,-22297.32333308993,200965
209,79.79881880218329,1000.9883317140811,1450.8735299811628,-9118.139172793828,200998
210,1010.7787337096372,99.00812196823733,1269.1686255182958,-13756.231126747303,201031
211,1015.1457485823707,127.2012369226187,1400.4609955296862,-26110.863653851426,201065
212,89.4848812827488,1015.6198558765294,176.83637787024884,-11753.532018219597,201098
213,1017.937374451893,202.30474633741846,1167.783370321739,-18038.473456563857,201131
214,1005.7377358780275,153.0888585297455,313.5745159202768,-21061.15620793373,201165
215,1008.1047616185292,349.581184427637,119.4361754243663,-17387.61560945796,201198
216,1017.1471720002821,318.71826401132967,587.9798999959844,-69739.36682749276,201231
217,613.4447160118727,1018.8376014204855,216.08852729803073,-48678.308839705656,201265
218,1030.3123786233887,549.8793501904854,150.2527471852403,-58799.7639154851,201298
219,148.97885574560485,1021.0591123696748,394.7138712422548,-30614.105377945813,201331
220,1020.8493909710601,166.54610907750418,927.3427766189246,-28670.717814723317,201365
221,947.9793223932173,164.8915024026013,1010.2985076196778,-19224.164267516346,201398
222,997.2182421460143,117.39428630633017,214.8347953976853,-18631.206500161188,201431
223,980.2709836291447,154.8646552633678,1033.217657141178,-10792.791445398983,201465
224,1002.3008695839775,197.59390409231605,1048.0031375309145,-11047.999097806307,201498
225,1025.8339025064497,109.9499433562977,250.0592409335311,-24002.653409537503,201531
226,1021.1271251179037,222.9291636168482,26.925824035672463,-22163.661611490068,201565
227,1003.5287056113963,279.4093561498553,42.731721238443015,-25571.839006341714,201598
228,1003.1954481281065,136.92637739726445,302.9935912974313,-22009.270924543238,201631
229,1036.4333175373974,225.95314357995926,978.0972385128006,-21683.047028136083,201665
230,1025.2494478624712,206.67298390235783,952.6296417721395,-20472.286985196686,201698
231,984.6824685009203,169.47376096973085,1026.2114966221816,-4453.425133042084,201731
232,1028.2753054980747,148.03796556751058,980.3601444092529,-6682.597153757997,201765
233,1015.3543440974831,161.71628785344433,842.0059382213406,-25258.550050055725,201798
234,999.6026795582554,126.73488372821998,289.8482361512659,-23684.805304868856,201831
235,1010.0966915829393,229.40314197493046,68.0,-31700.572259324654,201865
236,84.60451968821963,1017.4432858117422,303.1904327885586,-48429.397398799854,201898
237,1042.7406950122336,115.55377822094476,472.69399401072667,-63720.30020275611,201931
238,1043.3671493279135,58.64907860861274,711.736218179612,-99123.10560436579,201965
239,1159.6020892793997,93.48073316308887,1004.9282175369024,-75947.84718155125,201998
240,1013.6449999219221,104.05617781754404,1267.6524634593516,-33217.927752754156,202031
241,995.732914715196,1361.8065257216072,131.54342341966924,-66474.99191142336,202065
242,140.33802301388744,978.6345127853141,1450.3225819805775,-172317.631540154,202098
243,223.67252525047934,1027.391621452677,1698.431629474675,-203695.55921448424,202131
244,1001.4152568849147,73.76432430711395,1650.5063602556932,-241962.37415808323,202165
245,993.0893005049817,82.78812873216953,1748.2774923929223,-141043.77144962703,202198
246,1004.8080338365907,127.98383909851145,1811.1517296623288,-204862.27727024688,202231
247,998.7809684864676,2275.476433628791,148.75870205845797,-174063.35450262166,202265
248,973.4697795629471,167.00887057283092,2080.7801421582244,-170936.11217030417,202298
249,967.1851322023373,194.6811712200498,1968.7422380799371,-124125.36551187342,202331
250,1006.0243018734386,281.9649878959191,1811.826150600548,-108214.64704438469,202365
251,1026.9519783219957,346.1184868142657,1769.9824857890544,-179141.47873510033,202398
252,1019.3513960008145,192.0084345547241,697.6773157805108,-206266.7128091867,202431
253,1005.4827471086065,277.52267969455033,724.1924237832366,-55998.56071804442,202465
254,1040.5393835871037,302.9903065472553,2286.2458310514203,-170775.07288609596,202498
255,989.4996268806713,193.19206513130973,1753.7285992992188,-199030.443194821,202531
256,518.3024834261184,1020.3420839053181,151.0766980973459,-32148.274732439415,202565
257,1008.7007970814202,291.0223149240867,571.1751044994871,-44359.97009290577,202598
258,1017.5538713169533,276.69541530652634,525.2246479580281,-71388.45510541034,202631
259,986.466500556953,326.22145973143506,1510.8414873837692,-106647.01337369815,202665
260,1029.6875268095162,2739.39299845787,345.3464040467501,-268219.26305342175,202698
261,2447.996323526651,368.2528089489375,1023.0790315218801,-178159.1989688991,202731
262,995.6649164765688,282.12832173100367,829.8909880241471,-70437.71178766833,202765
263,986.6658864735609,2321.2315696629666,237.73529614506583,-142122.07087926893,202798
264,1002.2615565966523,218.03938760581173,2051.739262187084,-89223.60322118919,202831
265,1043.2243169567498,3401.5934501348042,244.18873050146624,-726337.1689743787,202865
266,1028.8811143663847,268.6744314747348,1518.7168926432603,-35802.844746814466,202898
267,186.0948804717807,999.623475888077,1517.3971134808448,-142565.70708629218,202931
268,335.0789807621884,1020.5084380621256,1450.230416998007,-98839.69949307723,202965
269,1049.0349076946006,579.9437056450231,182.10176019649703,-132833.4558811875,202998
270,1315.7337446003808,308.3128245697185,999.9389181881693,-159564.18728038186,203031
271,1019.819309914053,235.29230698833862,2079.789652825497,-155148.32311121983,203065
272,2089.767929699372,1015.230294962924,217.68448249115795,-78064.03536213927,203098
273,992.1037730669408,230.4427272787127,1612.3476672231707,-60596.25323883545,203131
274,1002.0276951239621,217.644100297695,1511.6361996194719,-72265.15369538865,203165
275,996.0188585425326,296.7277248934772,1598.4845948585178,-112226.56396024887,203198
276,1001.9225254135459,295.7552734181096,1894.7311154884221,-144936.3220845939,203231
277,1001.7584548774785,206.8157868463535,2213.644506238524,-80239.65831864692,203265
278,981.7356238535893,60.72336667617185,2112.3628949591025,-126965.3129014892,203298
279,990.0578883700473,2153.9642522567547,95.4611610552173,-94707.13163235207,203331
280,984.1778150191822,2207.6070755458272,96.44535982637672,-100979.0967691529,203365
281,2162.4955491283677,989.261894902244,74.18917077714298,-95988.19317838686,203398
282,976.2709456704735,64.07651435745186,2377.116951266807,-198381.13212982833,203431
283,1014.2571601065869,242.59331064388982,2583.3927304999524,-231745.553283693,203465
284,1026.7020614706237,3006.497796440237,264.44123223776467,-311129.3703218389,203498
285,1036.6778705760696,3530.6846361576954,221.91668577691883,-330615.82890508824,203531
286,282.66108875440455,3885.960113022263,1054.7609583322724,-679716.5799382918,203565
287,1064.3132629184154,3905.477307577142,163.93519953555892,-639226.5114736836,203598
288,1082.2011560470698,3900.0167948356325,200.21716338554484,-899645.0162786304,203631
289,1077.9433353599154,3323.9741274564694,151.28362320805502,-774489.5142546217,203665
290,1099.0327628906607,2521.1467628839064,108.85282573966902,-657220.8743295517,203698
291,1020.3937933499108,115.25899117331471,1615.2784364999407,-176215.5515300121,203731
292,987.8560392740796,121.43853538595806,1392.0639786962388,-75145.132611466,203765
293,988.484740050357,151.01439887123456,1421.6290871277254,-133080.39762072774,203798
294,617.8117511815744,1051.219158477068,188.8818943629019,-156209.31463067656,203831
295,1003.4281586733148,300.5180499786611,1416.8436752161474,-73650.52139624632,203865
296,1035.758895230579,138.2359547976314,654.6050692669417,-161150.73434484252,203898
297,1015.020126644653,134.84544563288193,599.2861137803195,-37982.14185093539,203931
298,147.98748364615346,1013.3671794880019,666.4090335522171,-35613.42617327939,203965
299,1006.8086537289827,221.12278667354633,1393.4238407605922,-117170.20927783697,203998
300,1047.3096132635903,226.5522333923792,1489.4945451393905,-101720.52563039996,204031
301,1051.48495263735,206.16357288779136,710.1682899144399,-96446.63489223571,204065
302,193.32374315017285,1020.300253130793,80.53787366268489,-17549.38819484176,204098
303,1004.184045054161,106.79920883073248,396.1325535726646,-18980.17451112269,204131
304,386.32887544163714,999.4499468935195,76.49471926262481,-36571.09017238516,204165
305,988.8915070820217,124.49004991723382,360.37341744362885,-24088.30542318609,204198
306,163.29132278026486,993.4938451800273,449.41517553371517,-40644.449049150004,204231
307,1005.7301308361921,254.95823665617388,76.60448896744526,-18988.860075052464,204265
308,1019.3377821161498,62.91980272550518,328.0226613286573,-24095.37302301943,204298
309,1025.3698344683587,81.64491186395719,372.63369851332243,-32159.81956203242,204331
310,71.42903442201737,1009.5330840724936,314.0705488457529,-10153.294429343041,204365
311,1013.7554288149595,68.37233356017794,243.77702956232952,-15921.08049730157,204398
312,189.39396762402816,1011.7636724125022,80.15088457113984,-23848.69614452093,204431
313,159.33345927953633,1013.9808246366578,59.474195929923326,-7892.353870116382,204465
314,1003.9547395106008,117.94010579638302,1085.563602024231,-13096.323342866313,204498
315,1001.8224676141626,136.458126089801,241.28227763280324,-14508.158608356613,204531
316,157.00056859325798,995.7365546982576,302.3833905489739,-26081.452826695713,204565
317,1013.7622891613557,227.46425655784844,70.43436661176133,-22085.385143583644,204598
318,1009.859135436811,197.68095879544694,1159.1803138425014,-32574.091270813202,204631
319,1024.484777560914,191.23146231211808,419.8070069126075,-27931.786095500134,204665
320,1022.3129040306646,211.21339621838933,481.31019755173367,-44466.911277326464,204698
321,185.86592942113657,1028.2871000199555,431.9149057279362,-34345.49411171753,204731
322,1001.1470171315683,357.17987592455137,194.97689921254084,-22106.027667504088,204765
323,294.512724780212,1002.0602478203441,160.02699656317805,-22973.64138123065,204798
324,1009.6741545924008,148.06324442858283,234.81051232949324,-12324.498316898791,204831
325,957.8965777403387,85.7245151693055,1016.6747599090477,-16196.027464356872,204865
326,995.6744534243392,87.79590221999524,1048.4662414459885,-12558.311287073026,204898
327,89.1362435092858,1000.730216581379,1078.906471288887,-15472.773580999623,204931
328,32.01562118716424,1002.3265361191355,126.66204161348014,-13910.148719863406,204965
329,999.4047316452784,136.94227028557918,28.178005607210707,-13448.176276589296,204998
330,169.13079997324166,997.9142317588706,66.07138821110232,-13379.437670597663,205031
331,92.10092001757732,1011.2866438227127,189.67831739480846,-9382.717828997538,205065
332,168.11082963854165,1011.7304935075574,76.30617754603668,-9053.135832693182,205098
333,40.71854614300469,1013.1284419034414,126.52709246361155,-6486.74279170364,205131
334,64.62977813285534,1033.327940451408,1001.3820915964379,-3225.1517916436514,205165
335,1010.1039776687195,49.59930781418734,1143.3026720864427,-6642.857789232887,205198
336,42.30596290659162,1006.2952155598596,1063.7971668406076,-5578.351135223832,205231
337,992.0620841288645,53.84112877792552,1029.4657610654529,-7255.634042201551,205265
338,57.82048008537106,999.6506499683858,1071.723004734024,-7344.654910210314,205298
339,1025.589273120216,50.41056359194488,990.7848476419981,-5080.8465641472785,205331
340,1010.4944500450114,87.78725723926323,25.83175890691848,-7526.418479819881,205365
341,46.49709122249726,1010.0358925063819,884.2737132811311,-4718.540271785405,205398
342,1011.6811050268317,43.57035214865812,874.9291399879193,-8736.24804354133,205431
343,50.803483154966784,1003.5159684045534,1045.402976035125,-4575.082089421236,205465
344,1000.7352680529343,48.6604769771908,1049.1257882782338,-3374.190680319207,205498
345,52.65147366185931,1009.2413910376437,921.3185463374646,-6640.788585044533,205531
346,1009.4886294921484,32.398705417322276,112.20516922138654,-5210.606366146027,205565
347,1013.7196610243805,47.36257237874156,994.2084503573894,-2439.874027587938,205598
348,52.3996721126706,1019.4778178874907,991.0466016685655,-2820.6145789797283,205631
349,1010.0625084640401,47.41048272317903,151.62123861781367,-5494.648437114011,205665
350,1010.4113129768675,43.83681468458917,146.11296999240005,-10038.992447039365,205698
351,131.71560272040665,1014.5820891725152,44.804312707646204,-9086.243536531176,205731
352,42.452271680472904,1016.2992670233521,118.129541560132,-11258.64105547117,205765
353,72.7684465138741,1006.3259866010781,200.71372648625697,-12978.151829701954,205798
354,75.9464819314494,1006.9121949290463,167.7796173556252,-6952.83477966757,205831
355,87.40787612657812,1018.4922408945158,974.4078603279319,-4742.032225254561,205865
356,971.0176791118693,73.39570545439892,1019.8945221679035,-6687.9897364884155,205898
357,990.2184935045085,53.80438123633871,1020.060736914267,-4708.352051025388,205931
358,1015.8755713929071,88.23813865506986,973.3732556912958,-5955.737876559622,205965
359,22.56102834535693,1014.5150367358319,95.9136361249308,-4369.141411474872,205998
360,78.04689138451295,1010.7046963604184,925.7062168960517,-7828.665050985398,206031
361,1031.0765829094667,55.948217217499064,999.2901116266077,-4874.808799076648,206065
362,1031.1057163914497,53.08854139510174,993.296608608343,-2992.1340744410227,206098
363,101.43231049478277,1007.9418273227134,35.117702854968,-8250.577347543363,206131
364,978.7630151761002,78.32064934528671,1026.0507462787841,-6842.0829664151315,206165
365,1003.1353999933318,156.35857360372427,61.80462255911789,-8207.467295683166,206198
366,1001.5831818730683,40.67526738305878,222.0315292925759,-12971.167117591749,206231
367,1011.7056351976491,87.74736316241422,874.2093570764386,-31114.616930036056,206265
368,1004.4860343427869,49.31612816482232,148.6091611270415,-12020.301931551618,206298
369,1022.4076756725528,139.20436613059178,68.16556883013186,-10316.370192121278,206331
370,41.972422387693996,1009.8078583374261,126.2133762600971,-10010.742422474215,206365
371,96.73618901259283,1014.831243857745,47.35044491303074,-5251.769412525683,206398
372,1001.7607754710687,63.765295823623546,1041.6317728517633,-4388.119116638399,206431
373,1031.0403473811275,71.16259673797867,993.6648902985567,-4810.810724580206,206465
374,1021.9922517516502,62.73867217252712,987.05306750465,-5198.929384161037,206498
375,62.809126331846414,1009.3312005538197,913.8741707696963,-6010.982075926088,206531
376,996.169191306603,73.85792520904238,1031.942266877927,-7589.404319634075,206565
377,1006.9295475015438,88.01283807572759,932.2422770948633,-9219.784419956235,206598
378,996.0794052554436,71.98067569478508,1025.1908604218088,-6569.175419404385,206631
379,1009.9031884559131,18.479594815256633,83.90819534056652,-7179.052560283938,206665
380,1023.455506924805,42.65223339569843,993.9877337638407,-4771.1784920446125,206698
381,998.813820221642,38.87466638303226,1038.4648925255224,-2962.185489148594,206731
382,998.2428086257537,46.42624620995184,1036.1833611523455,-5300.7269219777445,206765
383,1007.4975699474187,57.75967874585456,938.7485110233115,-14672.615359555839,206798
384,1005.5664584807586,29.59074732711963,114.02834167052026,-5465.798865047722,206831
385,1014.1959007528214,43.846594932777066,117.0,-6372.702789974734,206865
386,1004.7954496055697,48.2516279503925,1051.0379654735361,-7175.935956973759,206898
387,1006.2092162452726,49.17011959937486,1050.432725027629,-4909.938125971584,206931
388,1030.9400991716138,39.25202329077422,993.1975094912632,-4208.34104123208,206965
389,1006.7427160481554,37.27985015188415,112.47221879201993,-6613.510034339356,206998
390,1013.3217261134965,41.7320172650044,967.940846850545,-5518.776692446084,207031
391,1001.8500685869642,52.75236956666299,1077.6506855191992,-9505.538609937455,207065
392,37.85231491613047,1005.2417087801742,1040.4811190618589,-4685.391872229379,207098
393,1007.4110049515393,60.14691663114979,932.2885819315819,-11381.748636771765,207131
394,1008.7357603545931,38.795107580361105,150.30968032698354,-8933.411020767535,207165
395,1005.2460417247561,38.023186561309785,125.73384588089243,-5412.278682253661,207198
396,24.791189331484247,1005.952968584487,88.78525808542395,-6886.546624926963,207231
397,1007.947755475668,51.40316787762083,1141.1489823857357,-11080.405134170009,207265
398,1005.9716518930401,46.669464874932146,1042.662561301043,-4839.365337092199,207298
399,942.705400171667,48.74959805602339,1015.1894618334675,-10869.604477983621,207331
400,1013.6948942157694,47.22131373871525,955.846214928449,-8836.02463018467,207365
401,1035.5892697510865,39.89682487626976,996.8462989523891,-4125.965731671256,207398
402,998.9318415582742,43.752110208776344,1040.0200273476423,-7474.412971388039,207431
403,50.44518868935165,994.8995228352069,1036.4617165758982,-9535.29913824626,207465
404,1008.6309622137945,59.69107901076052,931.2666577026441,-8002.84882679789,207498
405,38.90913688638193,1009.2663318202669,134.47304562625186,-8287.859532032882,207531
406,999.1794064466669,45.59596967426023,1074.7434343993596,-4095.330438667023,207565
407,997.27271276595,54.143952950447215,1029.238867552023,-7078.64664030144,207598
408,1006.3670403603385,33.31807114543051,132.38202294873724,-8910.705762555155,207631
409,1014.7165716637287,29.89752145244995,144.9034161087999,-8066.019900142711,207665
410,1003.0149622381566,60.83619883385279,1054.5854916450298,-5746.374121150842,207698
411,999.6928041289237,39.87681601029078,1028.6408795831376,-3597.173077894359,207731
412,992.202551367869,49.632009036110276,1028.0462513444425,-6357.527603494756,207765
413,1029.9542935197353,51.32233899180585,996.9365956741667,-4678.707328979557,207798
414,995.0088569537461,56.314188727642545,1029.6257774759708,-4310.8567177491595,207831
415,998.093799701602,55.486139450468045,1029.5556409331596,-5246.78972737309,207865
416,1013.2225396566888,41.145218491278115,968.4534177474912,-7295.287169132888,207898
417,1006.5037931250358,46.15528199080404,1108.7447857825532,-10427.166095472332,207931
418,1036.0771590304291,46.92506696435623,995.1173521597555,-7905.1377603787305,207965
419,31.886637226742778,1009.6210971779049,86.29020801921854,-3808.811598017282,207998
420,1021.3749760687663,52.61388805633703,987.1721439461594,-5135.425736137873,208031
421,1016.0406843480167,45.86437874204046,961.861982385898,-10697.135080026244,208065
422,1007.9955860389508,21.60618135121274,95.01052573267873,-5483.0681255476875,208098
423,1002.2478541834496,41.87915079634888,1038.412830347069,-3832.724141288476,208131
424,1036.6817062434454,36.62115930927291,996.663142046605,-5290.047298796585,208165
425,1003.6155742102894,41.52221162640103,1046.282145452932,-4701.675660655674,208198
426,1004.4761834084264,46.00745356767959,902.1369075700206,-7158.525559707288,208231
427,44.79304361836762,992.300542814431,1032.8166727681828,-4805.566231235331,208265
428,1005.081148490038,26.47857986944041,122.3274294669842,-8410.698431531751,208298
429,1006.8448855788117,48.12305306909548,1042.8888176936885,-3074.4935941889285,208331
430,25.67239928389847,1013.5694594308599,131.24404748406687,-11969.926204587087,208365
431,998.1898935824659,32.089197796758185,1031.8009753107528,-4714.075506688359,208398
432,1016.3932599972343,29.930448816969374,956.0527109793775,-5725.643276761968,208431
433,1002.4867558511814,49.20811604605433,1063.4554196722218,-4675.208117178327,208465
434,45.267974145212065,1008.1976280633246,908.798657569431,-9008.194096234844,208498
435,996.3923093724806,49.40792529838802,1029.217709257396,-7720.843400457995,208531
436,40.00783847681362,999.5075292203971,1037.152831813669,-2654.570955607292,208565
437,994.3529844739899,48.31064234629093,1024.8961289321228,-5877.739175100844,208598
438,999.5153919413765,57.03992216599704,1051.843150963244,-8940.954750658037,208631
439,46.182319255447965,1002.2936551038881,1073.1231668707105,-9019.309530529225,208665
440,1006.8340638870279,35.01738877953812,1065.6601053496543,-5986.341301890448,208698
441,990.9919141223565,30.79359916922158,1028.374326057934,-3748.2863606640058,208731
442,998.8767536380485,46.10780442561804,1033.6194687465409,-3619.2996658807474,208765
443,1004.1019949285253,51.516879909815884,1053.1088017877428,-5903.3315439362505,208798
444,995.7597983387061,46.65656925653161,1033.2707047781068,-8002.740099876901,208831
445,1027.6446384331498,41.31278539015591,995.0811889141598,-6827.526105958976,208865
446,1037.172193866874,45.355566194877156,998.56028880636,-5027.391531969992,208898
447,999.7111121115755,44.22900977221332,1033.954693189507,-3889.0510460600754,208931
448,1004.7347991118351,85.87502090091778,28.639165076911354,-6624.09150083352,208965
449,45.441030064084316,1003.0915797942596,907.1940255535196,-6813.80212142585,208998
450,1011.1982831815583,30.9954478820365,109.76338187209797,-6693.642293071836,209031
451,1029.5464528566356,32.9788858465223,997.3672445977306,-4587.411952409997,209065
452,1000.5803790527439,36.26701701263937,1047.6531880295033,-3628.783373605157,209098
453,995.2901857751117,44.5597158555089,1031.8390068133806,-6575.203722074935,209131
454,1075.0924357988908,46.90761998837513,1007.4370080815639,-9178.91111882481,209165
455,1007.7069825582594,49.99666884407941,1064.4259083272177,-5668.559132621585,209198
456,1009.5937097555341,100.6081151330028,26.633281982977337,-8098.678764150186,209231
457,997.9509841182487,37.328120210560996,1021.7364991572766,-3524.5479209138666,209265
458,1002.1228883237256,58.27412224380305,1070.757168807073,-5728.838048087646,209298
459,1001.0785465414773,36.83842631539528,109.18791141880126,-7175.619856871198,209331
460,1004.7686904781938,30.177129970283886,105.3802638068438,-8094.421462795735,209365
461,1041.3872347786119,49.456702015462724,995.137003713786,-6580.37496518859,209398
462,1009.909847309865,45.58396409278669,951.6484305504031,-6805.608966152595,209431
463,1027.155562799055,52.72928415659305,993.9518419076562,-4843.457668602119,209465
464,989.8889115159432,52.12810723661323,1025.6221527917014,-5084.928974947393,209498
465,50.27822610397391,1005.878342777685,1048.478715348932,-3757.9002511459767,209531
466,997.1454421657138,35.69950782943863,1032.1060769793582,-2677.5938646492905,209565
467,1011.1559093268086,50.04726764587144,949.9703444021484,-8645.222987487836,209598
468,57.9209155927706,996.2512354165469,1046.517555280255,-10131.574817476254,209631
469,1004.3416735809677,38.62959664488619,113.95613191048562,-8290.860389508116,209665
470,919.692339861543,64.95258935134882,1009.3873664546329,-4603.97230948152,209698
471,1001.6633388624441,54.49570796810576,1038.2781198710888,-6113.939200385574,209731
472,1068.333281331252,46.57849378880337,1004.9337113847645,-5722.7554184771,209765
473,1040.6546314913055,56.15506066431317,995.1537357897614,-9642.094979925227,209798
474,1007.9143898880495,29.869652497085667,125.77758146824101,-7491.537944429923,209831
475,1049.1839382486705,56.90200373177174,997.9539262543615,-9481.597622640831,209865
476,1042.7410470717502,45.22851757803505,1002.0486031897995,-4284.503139765991,209898
477,1011.72598832875,44.62302040691304,948.1735305986577,-6345.185555969389,209931
478,1003.425462668125,57.822368596951605,1132.848621837887,-12366.981488080959,209965
479,1007.8324284913881,15.850091714478594,91.24551281070933,-8882.055659434427,209998
480,1011.6097256525368,41.00892729026327,965.394782907818,-6352.847194033619,210031
481,995.5490141097057,43.57717554940439,1029.9348157700388,-3541.290736488356,210065
482,994.414157747942,36.149714663556665,1031.5602845990393,-4221.198413425223,210098
483,1004.5212480661324,37.83078998810049,1061.9222554522203,-5016.273966154035,210131
484,1039.4258936752478,52.33936653450462,996.0958243385121,-8965.207430076684,210165
485,1026.1531451838746,44.268229778533964,993.4945373205942,-6475.879763106692,210198
486,992.2574130478855,39.6299967109469,1025.6461434240246,-5829.510195180601,210231
487,999.4409328526035,49.0136348651165,1027.069521571147,-3404.7225314104435,210265
488,1004.3611628578653,55.724329254705935,1049.7242007141276,-8030.259899466255,210298
489,1031.3825535115627,46.81078138806663,1000.3240397475342,-3749.2914415339756,210331
490,30.748574627108155,1011.3483920618962,114.09645042682087,-6705.978614676166,210365
491,29.516599380513412,1006.8872798487383,1058.3675427892244,-4753.358740458785,210398
492,996.6960521825647,50.82053500571317,1034.6950862116528,-6726.534156562036,210431
493,1029.0578254648265,48.76635390415947,989.1606449314168,-9860.123251462572,210465
494,1006.3551856056224,54.5918234617468,1081.1466253808862,-7006.978576077388,210498
495,46.738106771360094,1002.4500343216612,1040.739505350139,-6887.019153340765,210531
496,47.92628761967762,1014.7244429783533,914.76007783462,-8267.927109038326,210565
497,998.4300153457872,45.261386324794444,1032.7484038954462,-2004.4846143498494,210598
498,1006.9992809075768,56.55541798976424,1088.58945429395,-10115.147254365844,210631
499,1008.5398580556935,37.52426765216421,116.93160394008112,-6393.392756702597,210665
500,1010.4649055510896,46.11794378244713,1110.3485939109394,-7527.7960508077595,210698
501,996.4806235621188,44.57242915703591,1024.6659147225316,-4590.740682738687,210731
502,48.92960433695532,1002.2829052345438,1047.4793578203862,-5207.183353139861,210765
503,1009.3209591471697,43.741214033720325,844.9840235176048,-9432.552367843118,210798
504,50.47278105572241,993.9383933160036,1037.6276047246579,-9211.467403830167,210831
505,1005.7612758664274,46.51952656953131,1071.8148160946462,-5610.507751775929,210865
506,991.0969855410299,44.250033930891846,1027.0510922804972,-6471.648073038468,210898
507,46.55311835612008,1002.3677669495423,1068.5081295184877,-3315.8270906444504,210931
508,998.4688572431264,41.40841579759535,1027.578724334696,-4083.894250717197,210965
509,980.8041073135721,60.689244688744225,1010.8482017702426,-5202.076014761001,210998
510,1010.2915468714706,26.965815427284383,122.78436382536665,-4493.224314188089,211031
511,1011.6702374703058,46.043609462658196,962.6632913200403,-3036.3338628367496,211065
512,1048.6000081014283,41.04439941629755,995.0647403630868,-7207.1072081424845,211098
513,44.348819219145184,998.4076080355244,1053.4096119272224,-8914.706485529701,211131
514,1007.5782990139513,26.349863230654933,123.84264209067896,-4905.280529343081,211165
515,994.4959508907496,51.585171650867665,1028.7155773894572,-7640.45196544454,211198
516,28.599729824491988,1007.0938034746735,74.11107325323132,-4062.400051059648,211231
517,41.903315677169644,1001.627289388454,1069.2581638988638,-7077.548463588181,211265
518,1000.223285686506,47.874607175690585,1033.7327355429286,-5364.4337489278005,211298
519,1005.4001381004805,48.74055669685481,1053.166228891199,-4532.4516160711055,211331
520,1027.8728622994909,53.71706466526382,994.3191510604461,-6892.963738772118,211365
521,60.69135835436714,999.3645105230444,1063.6067412820225,-6450.3711952852855,211398
522,955.691689774991,35.29221776141003,1015.106004406692,-5056.876739725768,211431
523,979.9306877829405,46.54913702761894,1013.1442967903583,-4680.884348975839,211465
524,1031.6863047317722,42.95391348780856,991.7883002260095,-5252.693701843317,211498
525,999.0369845049871,50.32312020345228,1030.878321579069,-4953.487859557365,211531
526,996.2608486481921,49.30973012256072,1029.5978365628273,-4476.736754914774,211565
527,1000.4069472906091,52.37054576720641,1042.3219522393251,-9520.698952447603,211598
528,1050.6468857713357,55.08096496665803,1002.4009195386745,-7524.230441973117,211631
529,960.3541960411962,65.89587249250235,1009.6144666247573,-5923.1091824942805,211665
530,1000.578554437792,63.566970878682355,1056.2239764086635,-8528.169234274948,211698
531,1001.6091732232517,52.83510107944596,1041.1516794780387,-3796.6349252493364,211731
532,1010.82428448716,71.04295615055798,9.828379714361745,-4909.755304889351,211765
533,1033.881555944828,60.55075765213576,995.1852862816803,-8043.058085869454,211798
534,1013.589296574394,42.22548479611237,122.71511724314985,-4591.83965213293,211831
535,1095.3912543014026,64.73186108029358,1007.8373339856853,-8469.554174801375,211865
536,995.4620111943636,45.50540050581196,1028.0037684137244,-5474.2516507717455,211898
537,1034.9055163481378,35.476721932260375,990.3300734265347,-9950.901067817897,211931
538,988.9239327617037,44.42306005316232,1024.6648206581274,-4785.092717227266,211965
539,1001.0303397683,113.51651862174072,24.33614927529402,-6087.149167592147,211998
540,1007.4325789736129,49.60294475040075,902.7075938530704,-8087.721699071384,212031
541,960.3462421143023,45.79775934825102,1011.9214941146668,-8931.678697838337,212065
542,1036.1762285826042,50.712973685164684,997.5503080371684,-5492.300386146311,212098
543,1013.4180837468062,57.12664301971677,961.9388254252011,-6268.151054975888,212131
544,1030.7353390309672,55.31651496807922,994.0747525720697,-6315.518656956999,212165
545,993.8816861686179,50.132912264126844,1034.7925238715711,-8451.512481099418,212198
546,959.9055989740505,43.73353865847764,1012.1463547651189,-6874.961598127403,212231
547,992.5477275957185,40.17856478953922,1031.3873167270401,-5528.522020576647,212265
548,114.20595431062259,1009.8944466808227,40.1732235681136,-6876.75344434405,212298
549,1004.5123803160665,34.80108190544399,118.24550731423165,-8914.583460845586,212331
550,1010.8674411729402,31.401572712062148,134.09697983176204,-7300.026948393845,212365
551,999.618459070678,42.27539508880864,1030.3440152923936,-3812.0308769757203,212398
552,996.4017280666733,47.93972254663413,1031.6553886093072,-4823.270140875048,212431
553,1008.0382667858959,55.55954344390739,905.2325668025869,-8791.476090826676,212465
554,43.24907298851906,1009.7643427914153,140.67693485429652,-8035.623174874819,212498
555,1012.7817413643551,36.65021009812665,127.49117616525473,-6384.358142807233,212531
556,28.958399478685692,991.8257002195132,1036.707742049282,-5950.481980371278,212565
557,37.122602814461516,1001.5657620468319,1040.4259753396955,-4104.247158863936,212598
558,1004.1999528689992,30.231260758883764,89.05464490158431,-6001.02758808569,212631
559,1012.6381608321124,57.48459867459928,897.3566737925338,-12586.932974453104,212665
560,996.379372726054,44.696522934578866,1035.0489628279024,-3286.4275414454464,212698
561,91.02746838180224,1006.6949152155665,30.034193989040546,-4435.351631689401,212731
562,1008.9536677238365,41.076350867307156,926.0108305886172,-6501.4996749413995,212765
563,915.5591991360071,55.339965047888995,1011.1513487725932,-11834.44535247557,212798
564,1013.0439809998412,23.00812818571785,100.82658379613986,-6802.785109450983,212831
565,1039.188500267941,46.93099810594504,1000.9230341099264,-5961.408185517854,212865
566,1051.7668092768429,34.75917014783295,1004.6673520398749,-2481.389851416533,212898
567,1053.8383562826177,47.285246507533884,1005.861392062759,-7464.863244650685,212931
568,1005.3910908835092,45.799698778344464,126.70438035048358,-7050.620320331922,212965
569,1037.4816971928108,46.994419047825204,1001.901390814405,-3930.6469556521324,212998
570,996.4975107177312,48.09675138094292,1026.2754459104378,-5691.878594641595,213031
571,996.169354590431,50.52119869703972,1033.8235294566316,-6319.085877013249,213065
572,894.8994356909608,45.46480952656327,1006.7618779219368,-5324.57291999426,213098
573,45.789619242319304,1000.8344129600189,1036.9953775434926,-2791.6356816256025,213131
574,1003.8727174753158,50.49369377986295,1063.6963852528597,-3308.441073198708,213165
575,997.3710512528044,53.510279834921334,1038.3442272667787,-7703.26435699932,213198
576,991.9553074969878,42.33986865666202,1034.724741512532,-8146.571333925157,213231
577,94.75758544834287,1012.1087424882116,23.83943690250453,-4936.019055579568,213265
578,946.0906448665742,51.25142426339971,1013.045971895713,-7692.097379027655,213298
579,36.76253240137453,995.7564903617347,1035.6272378694448,-4295.620618574414,213331
580,110.3856874780422,1012.7855448045461,33.8434074757115,-3974.538841071441,213365
581,1006.648864293329,38.90019533311272,1045.65754908214,-5434.576378185484,213398
582,1005.6970879909271,101.68794933353479,26.37163907143622,-8306.607183849452,213431
583,1001.1922437977546,44.58345322126195,1057.7769829944364,-6030.086993698624,213465
584,36.73966621065949,1014.8103719032458,125.721915352893,-10095.332948450796,213498
585,983.5476005563125,48.76948169571119,1019.5280105090346,-5112.750790079408,213531
586,44.06406303325855,1011.4693980536547,952.3509047504115,-4379.495400836104,213565
587,993.7257463612133,28.020789385245962,1042.2621663267198,-4446.611238146963,213598
588,1004.9664068087573,48.49154823324568,934.5084269282969,-7924.666538145251,213631
589,1009.2702556917262,40.290092844267406,112.17842929904123,-7576.649289722576,213665
590,1007.737195996072,45.80284415583458,941.9453275004871,-6390.6544257958,213698
591,39.55082756263528,1016.7970994117961,960.8992666124113,-4618.07983162492,213731
592,1045.3848940293592,48.98285822625712,1001.3920902009099,-7148.671537464347,213765
593,1001.3257008457308,51.23031617411732,1054.417294424584,-4389.040306532978,213798
594,1007.7221886974312,46.98358461886005,101.73322771421647,-4907.1755965251,213831
595,1024.9716007267057,67.22609566204494,992.294193114312,-7486.876432996234,213865
596,914.3309029011324,52.430418675693886,1007.8441084225274,-11062.052757469335,213898
597,1010.052817165099,55.35416842251675,956.1143052287123,-8977.742381150745,213931
598,48.649606527972196,1005.5643950713786,132.09844813622908,-5608.820974410619,213965
599,1007.7656629595917,35.39194752711808,147.13938969562162,-6000.537154783619,213998
600,1006.3482277427115,43.40213430779272,115.58979193683149,-7839.931255769831,214031
601,1010.6040488654253,33.832989890860404,119.94582110269619,-11686.617849123297,214065
602,855.1713278636042,48.369015921828804,1005.9170561088403,-7749.334933635503,214098
603,1008.244190139194,43.351697205411256,105.87728746053142,-5351.9702066155105,214131
604,1042.1066543306695,52.579275959440224,988.5808878656512,-10308.706163943429,214165
605,1040.7842260786706,61.739865576431725,995.0440914005683,-8032.6751561320325,214198
606,1013.2388531633453,38.180345973787325,958.439353144888,-5724.68875622899,214231
607,1031.9494980766813,40.772260191003966,1001.3453903077868,-2635.7834938203655,214265
608,31.306292920061537,1010.784870508018,100.13490899781152,-5656.792927841624,214298
609,988.6583468601751,60.207040240998026,1026.844965059596,-8246.288850797038,214331
610,1002.0829577230704,54.10939810511434,1041.8204726445233,-5702.226390276304,214365
611,1004.2401754587435,43.32632330788215,1085.4863504304662,-4759.294525689549,214398
612,996.5585061450031,40.96811516354785,1041.1958041418975,-7615.983409440099,214431
613,49.76782525781721,1031.579750009308,999.3442994610693,-4994.348944443212,214465
614,1009.954094679004,36.2198771553268,116.16367762773348,-5318.108253224843,214498
615,1012.9707441603906,42.439149643645464,127.38131731144881,-8917.017912409447,214531
616,996.7685710849869,46.5500766114543,1047.4085699318623,-8758.718800725554,214565
617,1039.2344714141027,56.932355176990654,997.7163767024572,-5429.450050184269,214598
618,54.822884283593226,1000.7816443839382,1043.0634231767285,-4800.050954357812,214631
619,997.4076182687747,50.51329428412885,1041.8856056582397,-10257.43232715061,214665
620,876.5340837640028,57.16966100880438,1005.4128261961507,-10454.883104721968,214698
621,1001.5851226994923,44.36038067943696,1033.448005008819,-3513.570747558495,214731
622,1010.512596362427,36.32028671164687,953.0502095198669,-8042.881975600641,214765
623,1011.3732099999722,55.02496415748965,1107.3879175790207,-10328.718012616162,214798
624,1006.9158348482209,52.60632599189637,933.2754148695872,-7052.395306823773,214831
625,1011.2926737038991,50.531883622189866,948.0822143996496,-12032.666745545444,214865
626,999.5027097607679,47.86400767979126,1037.0189367388523,-6281.081394812913,214898
627,42.76690914701953,999.429904223492,1038.4272496398892,-6067.725418767885,214931
628,37.715918925983374,1007.173551137199,118.5453499720677,-4965.044073223431,214965
629,991.2644090200336,45.87614010731261,1033.0808362627936,-8574.64176171351,214998
630,45.77919259259647,1003.796679988314,1057.73368624653,-7334.602743529707,215031
631,1011.5979122123166,28.41286502431967,106.16025621672168,-6226.460527354332,215065
632,967.715981508034,49.73352424586585,1010.3952952955323,-3716.7344127603783,215098
633,31.09617837140206,1004.184160695715,108.92658077806357,-7095.8532882530335,215131
634,996.6118635616251,53.57357282079272,1055.7246213299968,-6295.439064133975,215165
635,947.2431972364215,46.51944512801333,1011.4813231115095,-8995.818655814077,215198
636,1053.6913969356597,50.44838644112167,1002.233300608213,-4143.495446159621,215231
637,41.73445235665679,1061.0183917283205,1002.421375984865,-7634.099267122703,215265
638,54.53152277589095,990.5794927064486,1031.879360238626,-7595.166894205364,215298
639,1030.6550543623373,55.20373305548071,994.4919722228353,-5386.30636428564,215331
640,1006.7163971943286,50.468914005298984,1078.4401752818849,-6971.3589525745565,215365
641,1007.1484179451602,41.339667572050985,1115.209845724113,-8271.122883576028,215398
642,998.7104856767803,42.92154300094296,1036.2292129056202,-4806.821128829014,215431
643,1005.5348347039552,41.5820720332423,926.0917881074208,-7374.099380455142,215465
644,993.5759153157675,46.27640426097457,1043.197066315232,-9215.801421765567,215498
645,123.86282735348811,1005.6838439936905,31.669730874415563,-7289.207466557384,215531
646,994.9890544240516,43.90208271678807,1039.507715971545,-9282.248324108048,215565
647,32.36310582206772,1015.5804371883971,111.28791488746651,-7398.527129782669,215598
648,49.4759786946654,996.3752359871776,1026.4103576979342,-4722.194438381283,215631
649,1012.8000673096838,53.89318632536299,945.6677778926794,-12595.861254540949,215665
650,1003.9606089457789,37.39750593536053,1067.673222048341,-8827.049419686546,215698
651,992.5796261201338,29.775635404745685,1026.3115979977465,-3006.938685244647,215731
652,997.2741025129159,32.70235093357576,1026.6853112507843,-2440.0557589491027,215765
653,990.9950148721258,41.245705190927765,1036.4163716641362,-9832.839377653272,215798
654,50.376171788787815,994.3361544291499,1073.7297369621813,-9644.518404552467,215831
655,1072.6447705271853,53.1746945812007,996.0881775066576,-9376.302272077099,215865
656,40.38774355285466,1074.951317502199,997.209723134426,-4478.027888626541,215898
657,1003.845738581443,33.753816290007535,1080.4801913419647,-3192.4214823538796,215931
658,1000.5194458327035,61.91343494334387,1091.3023140340572,-15844.311657377617,215965
659,999.7862220820609,49.18848780214148,1149.1992644862949,-19114.706235330097,215998
660,1029.4834469956097,50.656605065253984,776.4708622994169,-54182.02724688355,216031
661,999.4560855421438,31.522364073511653,1213.474230500368,-27169.508496777114,216065
662,987.166639383835,51.89469336153195,1164.5028590164445,-22626.251916369663,216098
663,1137.6079052145014,50.80521230317606,991.036418260293,-48789.543858090925,216131
664,1003.5104650848446,44.60009316752689,1274.5936607405515,-26281.355425223006,216165
665,995.1530541406496,48.92332314735734,1127.822107365674,-11550.609521832248,216198
666,53.61191869625884,989.3506683047848,1064.2980915327803,-12843.844570957976,216231
667,1018.5011641340591,50.25451371301892,927.851666063844,-11714.292028363983,216265
668,1032.85097236951,44.7896340129754,938.6958576575857,-21646.6530774364,216298
669,1020.0142775641065,38.62100456501116,923.3146437118983,-18773.042786913844,216331
670,995.6392463430467,45.32481389077725,1080.3539407768344,-11925.907505059467,216365
671,46.44207266488286,992.9040162414549,1088.3315774216924,-13355.554159255636,216398
672,42.25696961636959,984.0116638078186,1068.3563126917834,-10979.957719798587,216431
673,46.57440200523149,987.5732863876792,1113.5838760913484,-17346.083396157388,216465
674,990.5868934831834,52.13457397588752,1088.4468401957834,-16477.24315657891,216498
675,1007.8265481548673,48.9366445150938,931.5480750085635,-8775.081033908491,216531
676,1052.5993413271003,40.122051811904385,988.7146342427313,-14767.075754176145,216565
677,896.3852078663065,35.698849116071415,1020.5466086311112,-15782.753657422969,216598
678,974.3793098123344,55.04720402742976,1064.095367346484,-17711.839308595845,216631
679,1002.7759251563725,48.565141869699346,1081.547929405995,-12172.135216848837,216665
680,995.8650266487061,61.775645973187466,1097.6677106482089,-15395.420199919241,216698
681,984.0587327075971,45.59659272385511,1084.3380753719975,-19239.433837099703,216731
682,37.48529610818696,1018.7963296478135,1327.3119452487422,-41008.8433205637,216764
683,993.600848065106,43.66111173260947,1055.203564225643,-11454.628806184395,216798
684,1006.0129375442485,50.53190613872255,1121.861212633276,-16563.044398213315,216831
685,46.51063213769157,992.1468371192641,1113.5287509699947,-23233.531674458463,216864
686,47.25446959847159,988.719106731223,1068.8588739305167,-22557.241810135893,216898
687,1039.5352436664277,43.18556905233811,997.2488582693024,-5149.567975756156,216931
688,1007.3565651701342,50.66818505529886,1084.89536856238,-9138.550843879626,216964
689,989.156311805468,48.567450273298505,1074.040409052864,-12442.302540821871,216998
690,52.44830289046479,993.4955271806135,1093.9427737401206,-15129.069340982562,217031
691,1012.7309916650881,42.183724139208834,952.7892069818255,-10343.83757707554,217064
692,984.5663078408381,38.753706080266284,1046.9957462979776,-9994.492914029175,217098
693,48.429341870168514,978.7245926232731,1085.9379940025208,-21770.74571538459,217131
694,1048.8563372199442,51.97589207732085,986.859070213784,-11185.383486291445,217164
695,1071.9838145620813,44.35569164358128,984.4318447752871,-22613.500918924354,217198
696,1014.6158838639165,39.53881403235289,940.8614618405537,-13619.649362336739,217231
697,1011.8234208017203,39.92936149992704,886.0312252548443,-18036.980593603108,217264
698,1027.0933070897854,57.69386489978672,906.1508101323951,-31344.618561620202,217298
699,993.7103336557606,49.93800882086839,1115.5292204996572,-36639.26807549624,217331
700,1006.6582355251167,48.72025495297646,1106.814141141231,-32652.394099968227,217364
701,50.40867213517777,998.2245314456585,1119.4629544995046,-22188.112038805215,217398
702,1006.047032832635,48.811341523906776,913.5161122345107,-14809.98322948178,217431
703,1059.2454819409877,58.0272065272859,983.7858273254022,-13229.72997556669,217464
704,983.8014865753526,45.974159200413624,1107.5594283594924,-23831.95418256878,217498
705,1130.3729423699415,50.50051665201397,997.6609807016805,-43775.34474541685,217531
706,988.0403090558864,37.74595538814583,1047.833519291978,-12323.617988353577,217564
707,984.0908706749883,41.29039352364987,1125.0891210522425,-24372.29482260124,217598
708,46.49740978983152,1026.685964476171,901.0491091701914,-25441.557524246655,217631
709,42.64476886047544,945.4193088600078,1009.1568684775254,-14854.417838457464,217664
710,1020.158385861339,44.584536835596964,806.6444458781298,-19535.719838729896,217698
711,35.510804311763195,984.9448177170935,1198.7968968928808,-29291.50466928031,217731
712,1012.8687193776402,36.241656992301046,873.882479799438,-25944.8451661916,217764
713,41.96254821564264,1015.4967893286461,857.6004810180272,-27467.632925380094,217798
714,986.5629664460355,34.02909000235775,1067.0528653290828,-18057.663742213204,217831
715,1008.8672211907779,50.62546656803477,868.3389282705966,-17878.342068759423,217864
716,42.576801642148325,1016.2550059198778,835.6625066690522,-43707.11090386426,217898
717,47.04232340800627,1011.4436753231064,911.8593766751482,-24354.307506962723,217931
718,943.2837096747144,49.67788571858898,1021.1651716525759,-16766.669622704594,217964
719,923.7228321014641,50.195080399434346,1016.8674830540265,-14791.442677621812,217998
720,997.473068553523,61.207191446816296,1140.0959187336284,-12639.675895674947,218031
721,1012.0235000745522,65.32508975008739,1338.1955115359974,-45927.80321147658,218064
722,1011.3493668372813,52.12234167477982,1322.0331720860452,-88629.13977580972,218098
723,1025.9631813206151,58.08401104268398,1151.5141956672253,-32505.07390721049,218131
724,958.5820443450339,58.74526345941797,1129.166124355962,-82207.39499235178,218831
725,1040.1321439901335,48.99619062124145,1319.6156614377003,-59797.36733825408,218864
726,45.14507539005592,1232.4535073399506,1003.3666851035739,-79472.61953432273,218898
727,1031.5726030429569,42.697062529454456,2039.817638907949,-51987.27402444814,218931
728,1016.5138787967526,48.452519826504044,1486.0262447211355,-87168.77981602799,218964
729,1007.4133554207309,42.29942676774465,1844.2076889547989,-52324.76227476388,218998
730,998.0857358971185,57.29596453360466,1345.0282524913744,-34580.81922142993,219031
731,1103.7607818043089,47.92229248501667,990.4128355124237,-12111.519943253774,219064
732,965.5497516904289,49.80267547804783,1210.9252785484762,-69177.17803018958,219098
733,967.3531235138207,56.81262227880927,1136.5686879297466,-59002.99654589992,219131
734,998.8071548458884,62.17117799724565,1161.0881189621582,-57911.452295781644,219164
735,999.4173431138705,50.61805090994346,1172.1285980689988,-37741.37905855817,219198
736,1008.4106221652501,42.37061645040933,1281.211955256923,-34916.745181630315,219231
737,1096.8779426369242,37.05083216493051,977.9710855364792,-35517.188362980225,219264
738,985.3369051474756,38.759486724240446,1413.4552285958662,-75648.84481652,219298
739,1011.9734806770789,42.43296671706514,1389.3204119838556,-63815.244056412215,219331
740,1193.3265760722697,46.55907754979512,976.290257322652,-66898.3437122974,219364
741,1022.9535134865511,44.35726124894438,1297.8898026561167,-49185.76754803099,219398
742,54.99101180188961,1056.6785253512437,2361.7734861751665,-234517.35402783664,219431
743,48.33398586581359,975.6349264268167,1248.439902582117,-90715.57095292893,219464
744,1010.2407198056103,126.94243359769291,1314.6987788775893,-289479.1958690743,219498
745,1023.6030956342198,123.49708165075685,1357.5746027963044,-221270.8497663533,219531
746,999.7312570251036,42.653698397049766,1260.8887627154754,-30402.27268986047,219564
747,972.6323392989339,34.40874315393012,1238.2288329196008,-101545.68620772936,219598
748,983.2316442160075,55.026769592116466,1307.9082756353666,-126657.26641127492,219631
749,55.72722853790481,986.8635360038255,1357.0426938165738,-191986.99015899352,219664
750,1020.8865952621782,44.05391733252486,1332.8094677871122,-78222.66751440323,219698
751,1109.1623098677778,41.88597684548563,1720.1076026188443,-310806.0807070591,219731
752,1043.512431783494,1608.2280678181764,41.39217507413855,-180618.70046851653,219764
753,53.6132147712907,1123.377421233791,1850.4977796177895,-313681.423738344,219798
754,31.469911324331065,1133.1502375443752,2284.814434478214,-584409.3107030857,219831
755,49.24649509348785,1017.3039713751863,1326.649573920621,-98518.38175322633,219864
756,46.66251413453483,1026.4924235892931,1266.7429954144454,-82879.4349123255,219898
757,1064.692353747328,36.301274691456115,2192.497662484501,-139019.96535849615,219931
758,1030.2524114416742,59.7847129595699,1475.1355869885317,-62143.47126093922,219964
759,1128.1818554991878,45.89403392819122,967.1417923802026,-40978.533117938205,219998
760,981.6016008904087,39.830055901248215,1076.5047412769452,-18665.56682018773,220031
761,962.9987519394008,49.644423808973784,1251.9711792157584,-73195.14143377052,220064
762,1025.9743925671814,43.736994460413484,798.5614641239538,-50479.32041932074,220098
763,998.7250717242047,40.71098519751877,828.933315326163,-31296.06960320887,220131
764,1023.2818845257561,48.46116198419372,797.1436150607175,-89766.76871746451,220164
765,774.9270758843479,47.90979762680013,1025.8306928603279,-69671.67720616178,220198
766,994.2945664735058,34.52017666672862,719.2701173392403,-69315.37797929638,220231
767,976.515478032321,35.3406060967003,836.5159197601372,-23233.520539229878,220264
768,986.4743766239546,55.8942815962165,801.4377500120974,-19590.157610128907,220298
769,43.06503622035359,827.3652259374498,973.7428401777158,-38232.42446672427,220331
770,995.2414624021101,48.52242036142161,842.0677032942394,-12780.638734083881,220364
771,846.7744370488392,51.274857963812224,1019.7367930287263,-31137.31088543674,220398
772,57.998722289428656,954.9220696627123,1160.3635426251878,-55117.01922700906,220431
773,974.5869001757117,64.45889353514087,1135.411175418204,-49178.682963261235,220464
774,1133.96388917483,60.41302705795829,942.7860812676017,-53665.28953597961,220498
775,987.7706111428838,61.32153079623629,1457.9416997946112,-157521.64574023712,220531
776,44.944372821089246,994.0533793176367,1310.7360668491037,-39690.24982109187,220564
777,973.1637418911765,40.38135673273314,1245.7733981975293,-44232.65138596899,220598
778,984.9876010021942,40.662068305129424,1443.0086892214208,-93412.78887588964,220631
779,1038.0708218814877,38.13086845687269,756.7728548215275,-92951.07172121936,220664
780,614.4671325629047,1032.6717004412396,39.608153434615474,-72576.41998501698,220698
781,555.4643702357708,1031.5976882850323,39.91400064757397,-136245.9629083682,220731
782,1647.6461998863713,1008.8793848708422,41.48969219327523,-106950.82894800177,220764
783,1006.7073296979488,54.84006867457197,1310.785517123313,-59369.35049436524,220798
784,43.01942204978275,1047.3202991794064,1679.486440225292,-121142.91380588672,220831
785,1002.8993271227791,51.53343822859961,1509.18884892792,-159490.95130324172,220864
786,1023.608267302061,48.390709523637156,1471.999085203326,-237097.42818144904,220898
787,1033.928119246297,41.265394578600535,1693.2862970645795,-183958.50346795385,220931
788,1047.0950112645205,44.3700550409452,2162.1021881010392,-416876.27088506124,220964
789,1066.3680662973768,48.722703422632776,2733.1022666559697,-145582.69857385178,220998
790,1046.267262789553,58.68357909960662,1601.8167555562409,-84649.7583668528,221031
791,1031.064034163781,56.299131277256265,1553.8712096614618,-151013.27734363556,221064
792,1019.1743834811525,45.90425931297875,1654.1690592803961,-99092.6535684253,221098
793,52.32130181107311,1731.7526936136328,1032.0793650324838,-270802.6269336394,221131
794,1026.646924756399,57.50065148482008,1779.1082151696328,-177192.44608885853,221164
795,57.40683677467405,1080.2370337601371,1817.3865283061052,-159195.00142399766,221198
796,1062.4818640528745,48.13163716222164,1912.8199371132391,-353247.5437068377,221231
797,1511.61596332696,41.44160805736135,985.0699694468477,-307224.5709174892,221264
798,1288.1394010953163,48.00075548629934,994.2003679681225,-82250.45571776964,221298
799,1212.4043169678403,53.89974777088253,984.8287525874621,-43935.667545714576,221331
800,958.0015963181185,51.88912532996687,1148.5902065884695,-72041.04010192658,221364
801,1001.6974713589703,49.80705688316573,887.2728465077917,-20881.979299564755,221398
802,999.6833294669002,37.09512689043402,805.1801734232241,-80799.14316169714,221431
803,699.0500930041883,49.84746423202387,1000.9922160940341,-68734.02126138224,221464
804,1010.3192553552431,50.81164807991752,766.2776445851754,-48933.76398469179,221498
805,1008.9046440808727,53.51460107624587,668.2126603232964,-118900.48665424199,221531
806,954.7317979075103,55.45546602174568,1153.2757328197902,-65804.01159365813,221564
807,1199.6901568190651,41.05023121419265,1000.6160618485883,-32204.4952203859,221598
808,993.2825291050094,58.209516585936285,1230.552135895942,-54377.703160508376,221631
809,51.71360313892899,1330.3849534400144,1033.2645318792001,-72022.37331903295,221664
810,52.20499814369589,925.1779721462054,1300.1036548470684,-163003.842913922,221698
811,922.7657512409297,41.55180373184828,1274.8815905311578,-349158.6257252135,221731
812,92.23730729847057,1089.306474945272,1648.1960243594585,-333333.6527752887,221764
813,1098.235793124066,57.29953033033041,1773.359296590234,-297134.0898255878,221798
814,55.18975431900515,1088.6522675988854,1757.456755359713,-265102.32469732367,221831
815,40.999996168207986,1232.327148632052,974.9204289268462,-86747.29109825863,221864
816,1206.0145953215563,41.08903166309199,966.9031044411186,-87126.09883451648,221898
817,1024.0208201694975,50.13006241141568,1324.9149256019045,-78498.96219501276,221931
818,49.39385678610154,1244.8374366338453,1009.6725739654456,-35451.70650815053,221964
819,1000.0849732192275,45.467850318383285,1224.5878458351865,-36676.79886959772,221998
820,45.67235773310949,975.1151663062036,1209.6666776946001,-52172.24347222579,222031
821,1235.4661671867955,35.90421162856194,978.7264696882179,-45376.95505825784,222064
822,1001.8429522146275,39.88476486134209,1224.10774209613,-39615.82315315523,222098
823,996.0532046529856,40.54817605007361,1252.869930997022,-65034.288109339555,222131
824,57.04656050062249,955.8579572158355,1232.8606559850627,-71336.61160069685,222164
825,61.06761055621757,977.0665098116734,1199.5749263468942,-91910.18320195725,222198
826,974.7525146160734,48.97773570334482,1139.194786018656,-48566.2880541982,222231
827,992.3241683919252,34.70141785353849,1202.126264395918,-47258.074071881354,222264
828,1166.5197201716667,49.5729134888295,984.9230364979022,-27799.816877770507,222298
829,972.9038521833477,38.35532616208718,1254.9420145506342,-98911.1924102235,222331
830,969.0815163730466,40.27849662884523,1451.7938765022495,-235804.4985853742,222364
831,988.669048545378,49.603686906223516,1575.1648499533019,-149092.93644701003,222398
832,1017.0398703434224,44.13685129344083,1610.6556169497812,-484086.28881142806,222431
833,1001.9330623651632,172.09831061736418,1414.922745390724,-477624.5980417011,222464
834,1098.1312946945945,43.540305896477776,618.5428605908468,-427852.97260934237,222498
835,976.118710264244,90.40100437418903,1362.9616853911712,-267856.0496445597,222531
836,1005.5938348536118,102.26148406728976,1288.5721688261337,-162371.75251920818,222564
837,140.5511485189777,1043.8607429400538,1554.5606343863833,-156202.8321633407,222598
838,1017.33100324473,140.10726975575346,1312.3195288091663,-103475.78901518142,222631
839,955.5996024366352,1330.2482123878954,250.48336203489146,-290196.4664283801,222664
840,1016.3809492658228,239.3621047856493,1372.9767443423425,-320888.80733109795,222698
841,1067.0043883900523,285.84189482012437,2153.3083847883936,-613796.0311552163,222731
842,976.8516618692827,1511.5857480052905,386.75571116991864,-324732.7951865854,222764
843,1064.0440114711012,2041.5621469845096,267.6792688612037,-591136.7677886344,222798
844,1030.3174946796207,1596.3028257606036,319.77915761265285,-156344.63694458167,222831
845,968.98344674008,1572.091144841939,388.9246378429011,-594387.7266865527,222864
846,1061.5228489435299,2407.8683518830508,318.2017357116998,-525435.0660739811,222898
847,1063.5895592615823,2572.5236636423774,320.86867314125425,-648269.1240955177,222931
848,1078.1257495185419,2678.7050976171304,333.2834361276865,-514079.21343516896,222964
849,1098.5092763767066,376.4376042455824,2752.5584462459647,-490580.4754730542,222998
850,1097.5644360036158,2791.2565270859645,313.75515369566324,-483630.36052933254,223031
851,1077.0171827214363,2821.3574746919257,327.6211393130334,-447358.9653129553,223064
852,1045.0917208414614,2809.396376448151,269.6840927769216,-246773.48579602354,223098
853,1038.0525279705817,2773.365103984688,422.42329793326667,-181410.80804558683,223131
854,1031.7862768449706,2732.959202037235,398.7161984912209,-260975.5207268213,223164
855,1018.679444410592,2617.4080690637447,349.75913707947313,-286316.86018883507,223198
856,1024.0460422286767,2543.2302294523,394.93181421106226,-228920.54410019764,223231
857,1007.8495686989287,2287.188011511078,357.22142235190995,-294686.7630861508,223264
858,1025.236878092689,254.75253164137484,2062.337751194018,-345798.2874457919,223298
859,1035.2343641192008,304.4100408085625,1863.16370724636,-291458.37405892625,223331
860,1370.4009924119614,330.9581229856069,995.8408687408737,-234130.89719510684,223364
861,1038.1724902301396,410.4226269343019,1508.2857819392186,-157999.15767099953,223398
862,1030.5585584502953,513.2067284080703,1320.6864034691184,-117525.12712309086,223431
863,1310.2171768164676,1016.652390469892,383.61212955410076,-250579.62228708784,223464
864,1054.1573640499564,432.5635467250054,1235.5158272457693,-94314.17071785763,223498
865,313.37038675015424,1043.2158777654695,550.7013543263718,-88061.78852867801,223531
866,1070.0417324067325,61.56297588648556,604.6271287696834,-144021.19515089475,223564
867,1059.739834814321,364.63041280446896,804.0378326219005,-122724.71492789079,223598
868,1035.518781550138,609.1343828401419,139.4058822288357,-86709.41289347174,223631
869,1045.0267434009986,381.2506820054116,854.9921834892879,-95327.17398292148,223664
870,1016.0318346132372,417.3088397127726,1432.8370458639042,-211011.28478454956,223698
871,109.14669028422259,1081.4211900112869,690.2378409387811,-149859.73531623802,223731
