center 0,score,MILLISEC
2397.018864252678,4179421.9644168005,290430
2304.167780894458,2963400.6374879107,290464
2305.2500040831474,3570728.2186746486,290497
2561.9479571068605,4665617.665075985,290530
2264.469072108379,3108501.2214646176,290564
1971.9950008886433,2106088.1164701995,290597
1740.5917025706585,1541947.5249421757,290630
1645.3736124745506,901971.0753724476,290664
1587.7026870873574,465545.7774155846,290697
1544.0484533645254,300643.97366261756,290730
1648.1770325760222,335449.2692888981,290764
1824.834924766178,468409.2973536171,290797
1811.240180861979,416776.0072310659,290830
1650.3124218747012,277941.31020605867,290864
1391.7044338561975,176352.1687850011,290897
1227.8429162548393,61189.573002811594,290930
1146.1290632049017,47723.97047705485,290964
1000.5196300085834,12340.869967487492,290997
891.8267575174481,26224.834575914883,291030
895.9933451876128,28818.325379511305,291064
699.1489131401681,28588.797254921723,291097
581.9734707102946,43297.67938941381,291130
786.8377446923929,187393.16352738882,291164
773.1595017771535,175892.58481170356,291197
687.3620787302149,185390.97272367793,291230
784.56436064079,282073.7640123084,291264
1111.3984141375324,451838.7650525785,291297
1144.5697619309547,463682.8600733172,291330
1161.9912549053706,665057.9235234415,291364
1186.1929613490875,776842.4584458823,291397
1201.2732956143009,791732.4692439565,291430
1296.7745185569827,900575.8480213057,291464
1381.515732746533,1550633.2801738097,291497
1462.3375852989275,1644736.7866221024,291530
1312.6390141965478,990152.2184091154,291564
1010.7553755713518,583583.7707536153,291597
879.8679165987544,461926.04934016766,291630
857.1533086457532,396001.80547763815,291664
690.019847796491,441730.80964690744,291697
620.3376653056276,306865.1810031632,291730
542.33137792099,139278.6765223203,291764
482.3375693191034,74086.26922333917,291797
598.8355937329777,183812.93167847203,291830
713.4028401881444,313585.78761148895,291864
802.394995991092,294270.27040845563,291897
953.5358067612372,428871.8652241966,291930
908.4674705913822,481908.05487729626,291964
865.5733634060449,190614.95256194702,291997
939.1893154654788,162850.42971548517,292030
782.009728821213,119717.58402897308,292064
661.6347976422252,208978.19454893173,292097
683.4916923926471,336568.7064302351,292130
675.8737123674506,346037.3249306406,292164
422.74512523042097,175094.75909391567,292197
399.2388441076673,32077.945355573716,292230
571.285164491818,70982.06083155648,292264
728.0265693375685,80312.91433857058,292297
1096.386173511953,300402.35853181785,292330
1460.2077876107942,981652.01700079,292364
1614.8415556898651,1514981.1500171358,292397
1582.9026900343463,1450423.67388203,292430
1774.3528121634001,1845912.8979678345,292464
1969.0508678535766,2217639.8798050773,292497
1898.2808729294848,1903484.127470073,292530
1789.6047264509593,2158785.5230643875,292564
1808.37070627396,2588989.7886902196,292597
1859.0400363924582,2737479.7430899283,292630
1694.6026013357136,2789437.6235462325,292664
1497.7683327174498,2437690.6215087916,292697
1409.0097660491497,1784974.0791781205,292730
1265.138455731662,1386025.0878289058,292764
1293.1494187684139,1120934.1807389138,292797
1342.0889401691106,1037303.4766757528,292830
1163.3104341175597,961673.2338732143,292864
1070.7613434947723,982328.7452772703,292897
1043.6158654181668,984608.1254474905,292930
1027.5040235616448,902569.2815646312,292964
599.1319504702399,204103.90592572602,292997
607.058167674146,205750.58106010852,293030
397.0928132478251,81739.89766692786,293064
268.0814584686145,39341.93162534053,293097
188.11924687267637,16577.748956057036,293130
167.8944763394248,7334.044814710322,293164
141.94938329166808,4881.972583115103,293197
176.7573409851875,9418.442407846142,293230
185.5408308348198,12447.800093124799,293264
172.31706046091665,6287.430674108793,293297
121.88091175670836,2329.2433493534727,293330
108.74782624978522,2664.510285946525,293364
138.75919579981087,4943.885580989746,293397
145.90182971908993,1782.8560846216853,293430
95.84641208482188,1688.6652904665086,293464
107.24259766623643,1371.4252457977402,293497
78.90319574420107,553.0857013522893,293530
68.08975989811208,748.7845970174476,293564
118.18518536190103,2345.2619609730937,293597
136.0588168841607,2694.198348082428,293630
137.2014295381798,2638.3677326798806,293664
112.20628838244707,2020.348847435126,293697
89.68979100053903,932.1413902796281,293730
62.93127618188614,435.85447811917027,293764
82.21876813783243,319.6741658973511,293797
123.47320295911781,2150.368151016502,293830
126.25958796805568,5819.7164461368075,293864
142.20465503827384,7962.836085445539,293897
185.96437698580797,10831.450492280299,293930
297.16791104414335,34311.23264566009,293964
320.76418076027346,57137.34034119062,293997
500.7456943528001,178426.549587132,294030
773.0037554022963,729047.7941339468,294064
828.9718399059382,801907.4886429638,294097
1059.4761109000356,1113261.770432136,294130
750.6221688124956,362437.35968722525,294164
387.02905886467363,75192.30759432496,294197
734.857910797437,614191.0509384262,294230
1031.5220070756757,1422393.14891857,294264
920.7566956298012,1236609.9074528895,294297
194.0577475550262,11702.190613869727,294330
261.71917777180795,45619.07198644881,294364
117.11052048737936,4244.125991175096,294397
105.0061919151286,3405.4996594831805,294430
153.1496023506233,14173.199299845957,294464
103.12217352640221,3512.8173271905907,294497
117.65812518668649,5127.365577554006,294530
159.3492828667436,19843.406049854537,294564
181.92668562572294,24059.481057239365,294597
112.13289763006688,4957.013269084941,294630
73.38043428202961,1113.711864580732,294664
103.93465886031575,1109.386687589788,294697
133.33327988299223,1385.4364756436603,294730
117.16116210238711,2172.46209481817,294764
168.10397949065515,5616.052079405392,294797
117.43138693998898,5989.669361350584,294830
106.60184145442342,3989.447398525972,294864
86.57461459550034,2516.0361076405798,294897
56.79197630491981,165.4714273814274,294930
53.68612264791724,561.2002350327879,294964
54.229047252140575,628.210434125105,294997
76.26797530180681,926.1959433629861,295030
65.61540727733845,124.21832782900049,295064
56.237632493007325,421.52869158144694,295097
80.27307746187368,635.433034800026,295130
92.39719170409168,369.35896519733245,295164
86.70031138812121,1859.0560052028188,295197
73.70653016301992,721.1474113278358,295230
44.81189885506781,1365.093721003173,295264
70.44502658623817,1241.498229264199,295297
88.4100912083426,454.25577253254016,295330
61.94451035114317,287.0776373571163,295364
74.72173576839327,1304.0622037584167,295397
50.10266321249864,252.32313901493544,295430
49.88082123517749,25.90367290426651,295464
84.04941126109699,667.0964666629827,295497
97.55755627953468,325.9232127654269,295530
103.03077206395301,430.6600079057598,295564
102.41151524895898,1831.8815444122483,295597
98.94338671371827,1104.6062256195978,295630
67.55258242653187,720.0486075066167,295664
46.959794147805574,371.3777335957258,295697
50.16038819508101,462.33545611877787,295730
46.421865174636615,71.81043370785981,295764
54.96406029337402,921.9520760663454,295797
61.29881601332359,225.2551553647048,295830
52.59314804532649,462.9607786823708,295864
57.581545457525145,548.3656227229654,295897
75.74965430264956,476.7898730290867,295930
99.87385766478607,1499.0125551540511,295964
93.68890373231224,968.5893174375291,295997
88.95167193105297,1208.000060670324,296030
79.89484756205765,550.0133330355724,296064
66.91060795994649,329.17054243034505,296097
69.96820053610831,143.85091373893073,296130
62.14911031909005,426.8880865455757,296164
59.43699909354372,435.24313875408336,296197
61.850143548633504,688.1597430134289,296230
63.09496735349601,678.0250946612722,296264
107.21118197049825,2198.362460488709,296297
104.3341392600872,2840.78738485673,296330
110.13081195228897,3350.604258729564,296364
120.22957033829206,1958.6504162696772,296397
79.87167703214445,248.91520807280858,296430
57.14401046270707,197.56206823802466,296464
64.06773837845348,708.1248990700382,296497
63.78120677413856,87.95766243458127,296530
86.767797091946,1232.9493878108908,296564
77.24236811207604,1420.4165684385403,296597
77.76134092563822,1044.973857446662,296630
69.14821848781256,636.9238799617387,296664
62.73591991554794,735.2043523499553,296697
61.265791478880644,660.1027944663156,296730
43.65211211720593,336.0931077068837,296764
39.461159752033396,429.01687102449995,296797
54.504692410874576,477.23850519595135,296830
62.133219367987884,925.8630509694943,296864
53.25144537823344,851.0835651290206,296897
47.79705085090729,665.0419299557827,296930
42.295570539957396,628.2847126994877,296964
39.00472247948712,517.431624298192,296997
43.68091178508939,888.3779456232389,297030
43.45743632207966,877.451228312392,297064
33.77728320372413,453.8951393754157,297097
45.984510289108485,428.42481347087596,297130
40.07971605851302,622.0163606689732,297164
48.21997183445766,527.2343162841102,297197
41.275618872172515,1214.9232867191563,297230
26.68839798679079,118.52941289866158,297264
45.81113362394785,469.5400360887944,297297
47.55758891186766,317.8757368898016,297330
45.12185798054985,443.0179323830906,297364
49.70229146113346,761.6822235125397,297397
40.72743221444165,524.8762652180606,297430
33.55726783296838,235.10977558642617,297464
47.22270945839422,1085.215711408085,297497
41.918031539168744,282.0786318812543,297530
38.215810730608965,560.1518102022728,297564
42.012885243534484,256.71747351360244,297597
45.81625444055898,391.67082903796006,297630
51.095761019769306,806.6232058106241,297664
47.67242182015027,1077.1401978016604,297697
53.219337865564626,1276.3020771508798,297730
28.971089855295826,52.475952596375365,297764
27.153636095485673,575.6800467939377,297797
42.427543314983566,1067.9035682551935,297830
48.521659541839725,145.6485553057946,297864
48.79143108564531,267.9962526147248,297897
36.679711332077694,301.398776595451,297930
35.20268725011273,402.57081037075125,297964
47.56461677255022,581.2072312804349,297997
50.45265061481537,472.3300459393707,298030
45.70259044093317,709.2732269883238,298064
35.44202164961716,716.2631013880684,298097
42.35752103033242,801.8404121649464,298130
49.46895980344634,764.6220159650095,298164
39.791712223588206,514.0196383151406,298197
53.793992231289266,188.80639981998993,298230
36.316773158457366,150.89198735715087,298264
47.868703038348315,930.1872694264224,298297
60.21995524250076,637.3569905912061,298330
33.483836488019904,591.0326940435473,298364
43.7596524843395,818.2928144498404,298397
39.73556287056614,926.4850433592859,298430
31.27136751520345,542.7015737290782,298464
52.34790183351329,468.89717362885585,298497
56.84038164654248,849.9710142753963,298530
37.4067588125457,509.1343951400351,298564
40.06898403335079,558.8765185350801,298597
39.953515161487076,136.91662624082286,298630
51.68010034006746,654.7672288405589,298664
50.03432504976591,614.7663168143666,298697
59.46691911742077,931.0855306821355,298730
50.301650900831724,454.74391665085506,298764
42.60908811709122,154.26560982995585,298797
70.74596012221383,902.2091263861308,298830
60.38386099109673,718.1893318079062,298864
65.32942296068543,1162.2664956238682,298897
54.73785768726574,245.56693580864302,298930
49.716797587866054,211.8400376071561,298964
58.001364591165405,401.64170556270346,298997
57.91354869602137,692.6208774335607,299030
47.68622873355144,643.4235891714133,299064
31.10393938125775,354.14495496704336,299097
40.180429484246446,351.93308646149865,299130
53.76309080477961,733.330067117023,299164
63.801336300318916,642.9894862936069,299197
78.80639509190082,397.7520926192293,299230
42.86688990506447,633.2297498670825,299264
47.562071001361815,242.6494020614171,299297
51.965516791548694,673.5850645872708,299330
54.064419024628386,582.0385955294001,299364
50.78355589149123,736.8304510157861,299397
46.82901056137683,152.24376984245654,299430
44.47002015393828,486.41730750832346,299464
59.92983157728902,814.2152871177726,299497
56.047609222267944,1073.0655004679456,299530
58.94921138301957,1120.7904773200753,299564
57.90741986504929,636.3307245728947,299597
49.6716747094937,751.524731554244,299630
43.81749038210336,977.8275366142792,299664
43.896671018401804,928.0822735022033,299697
54.08028168163655,969.5231332348461,299730
44.36216350885727,184.39844881341236,299764
46.05587006545088,402.05683251430526,299797
56.46082184389384,737.5755967120805,299830
50.662981376427595,369.26231805175087,299864
43.51717506947351,516.0554739727934,299897
38.42011055003795,340.49510532286297,299930
37.178095124246916,71.38924293244789,299964
51.77243437568124,405.0150388157782,299997
50.43097746705971,831.3165117169158,300030
51.384660886980235,749.2166255300442,300064
53.42716927252153,572.9375835253311,300097
42.28411932505097,527.4532529048511,300130
51.10717525086466,672.0566378774074,300164
49.460075241658814,465.10095708944846,300197
55.034434722928644,704.6109947277071,300230
42.77823952068983,458.42222351049065,300264
37.16504381626102,149.95951813539878,300297
49.54351865179599,1375.0397595991433,300330
45.030641876118764,797.041292224739,300364
46.58181440722926,525.3345665304485,300397
41.03923432283547,314.98124619540306,300430
36.807461311212016,354.6107918236306,300464
53.6094230436057,425.42976093171757,300497
49.803031674458616,444.65803603287156,300530
43.572813009163724,192.20996646845214,300564
42.997803845138264,649.3888644950135,300597
57.31113286013219,371.8340502882763,300630
50.05912767614406,563.2837363035081,300664
50.3909764023537,811.349497217432,300697
43.71276579076804,505.39410692145975,300730
44.254876964966556,523.9058648156723,300764
48.12235164476823,430.03927217727295,300797
44.09573109513083,214.9664991859121,300830
47.96376847506133,834.2769136707132,300864
44.08440533749133,455.7652060397662,300897
45.61122155393026,378.0164683582882,300930
40.39097618859214,157.769042532583,300964
44.831638017266265,500.1242326888061,300997
46.74704547999264,139.31373889149987,301030
59.699898115369976,1656.3221650144446,301064
48.54660762223398,157.02688837285368,301097
50.730509287606466,274.0154274200736,301130
42.4414828283253,632.9205353329688,301164
47.357109710193846,707.304159896664,301197
48.7224970704954,718.1182792155678,301230
44.530475133393224,585.8367843942481,301264
50.251602228589185,203.37647345965055,301297
53.73350114834615,826.910854340683,301330
52.691884701116486,980.5652866442463,301364
50.02717938545901,377.8813227351048,301397
54.227351644160215,562.1943336605946,301430
32.5527278267312,124.5199110387603,301464
43.96657592673819,388.5402012783661,301497
45.3346109861816,671.973046731583,301530
47.178128557654006,1234.024185797471,301564
33.041032856769746,537.090147757862,301597
50.53378768943577,84.33630175903001,301630
55.227965532325186,744.8718231603004,301664
51.40477700711966,693.7489008483017,301697
50.76290804813942,831.7271664961421,301730
47.07451085754768,418.99042752262574,301764
37.82859710138679,505.7972413409517,301797
50.70925123357284,1056.1718393303913,301830
43.597228489089204,521.481668070149,301864
62.41196483787685,1287.9466450756242,301897
35.11445809530841,342.37483267282994,301930
44.173894277361036,219.66706437252998,301964
48.1138980239132,774.4528169444815,301997
41.357796265116065,333.13268809315196,302030
50.1130088903912,281.48633995157275,302064
35.9336052340969,186.37601488008403,302097
41.564150537636884,250.82139008465919,302130
49.0573291384644,620.1784578003723,302164
47.223130655822885,463.17593106308084,302197
37.278335055286696,525.1257355057832,302230
35.968274664859784,290.0832176332059,302264
39.658183006654596,295.62852061069236,302297
35.17187054962899,263.3395220401412,302330
43.61431116142161,1448.7918619146942,302364
40.768966248516726,640.6913910273039,302397
40.4519644346628,573.2385733767762,302430
33.33382811670767,178.25590308578904,302464
39.75753203473231,462.5386465072349,302497
41.3753376131494,698.8814373979052,302530
54.73957629321425,571.5787872393757,302564
44.8480205391035,441.25505372415034,302597
52.54611837528735,201.10544369028935,302630
49.60885138564394,843.1618641970939,302664
44.09472301334869,562.4554023760576,302697
67.09129025913059,778.3587713650898,302730
51.37540535377931,515.5677247348638,302764
47.974310457882815,546.4655360906758,302797
55.64300548768216,714.8559402977733,302830
59.66569643978927,314.0046683549178,302864
48.9549428692982,443.81356866374915,302897
46.72619895323593,373.0623313826136,302930
47.49301883393121,121.01316203985542,302964
59.386996509829466,711.7846455415034,302997
51.38290251736532,353.1973288909314,303030
57.164821775331234,1190.183151394616,303064
40.568012825055554,549.2363354261281,303097
41.68258815381496,533.3618447994446,303130
52.559575739441094,874.2909980899551,303164
51.61242172793341,572.1579233779474,303197
61.65445579069005,1283.928081153846,303230
44.80582483763867,312.23806061884204,303264
53.14420607844399,555.6933602918759,303297
51.53914670163651,1031.9163572671894,303330
52.713017405388406,1133.5377960192195,303364
62.10435096773301,835.4495908766401,303397
36.569138231788266,470.4981289843619,303430
40.06280505384943,107.77165121725618,303464
30.746868209411378,702.2300953130882,303497
45.75387588906318,1418.7828411282026,303530
34.919680066580625,962.0159440476522,303564
48.18212705685525,416.48263227705655,303597
44.385240665828185,57.150411036512175,303630
64.97042900605769,1442.8433547688187,303664
51.48683521378938,420.705799668098,303697
48.483211055220536,731.7782457749415,303730
41.52517731805448,521.4596487041333,303764
41.81783906717364,165.068335751966,303797
44.63716426654106,807.7235662418303,303830
49.350252452498026,649.3525828747124,303864
46.9406304206862,580.7772157085494,303897
39.67466402032097,310.7210348746488,303930
32.434379376108936,442.21103448663905,303964
40.10081100257364,417.924956935869,303997
37.18118321750184,658.5596145465597,304030
44.5145664530606,800.0533734960516,304064
47.11977142676101,435.5271406897965,304097
40.05311457475783,272.14801286132143,304130
49.14276880483728,792.5882741943118,304164
53.594824537309854,498.79478281496966,304197
43.60743680199786,791.7914555597624,304230
30.200595466623177,686.9240334613793,304264
50.06241734895066,644.5543691794836,304297
39.25548079617006,190.60722746152328,304330
49.67019562563384,622.0716665112658,304364
55.14367210097025,648.5754272206741,304397
37.92983171439034,403.1278661180289,304430
48.91043766527486,115.76908739126243,304464
40.59133716646303,605.7433470385176,304497
56.91032149568973,1194.215307257235,304530
52.735836064795876,774.5315945469741,304564
46.6058087318017,393.4985924547162,304597
45.587804108339455,279.35211657966795,304630
49.43815045614584,882.2692794754857,304664
49.26434738694518,725.0240765383875,304697
48.36140678871091,465.37433341682646,304730
42.243329724721875,502.70109376843004,304764
35.52815138853566,568.3504589132915,304797
41.15200130139845,1124.1127888897004,304830
47.14342835872287,481.69716258596435,304864
49.564615624135584,378.7488780316953,304897
38.37830105416328,415.7060081960097,304930
50.81890150119209,133.8392502121356,304964
44.218527374600264,826.3218368217279,304997
37.94892440857983,768.0791362318944,305030
45.119310660196255,890.2478055487003,305064
63.68555728909551,521.9497927773339,305097
50.01508913485265,93.29085883274428,305130
60.157099486980904,222.72338131348096,305164
50.82371268595982,609.3502288150069,305197
49.169215876386374,724.788210101314,305230
49.212894397684316,730.491025002372,305264
45.61080958835265,195.25404869503785,305297
40.43301836681561,944.1710257487517,305330
43.93864188275035,554.7957494994168,305364
44.354017889432875,256.1210970638683,305397
42.69137752422291,228.646285084275,305430
45.57776898996988,356.6669738969396,305464
36.737312382300736,341.36987892525315,305497
38.87233795535384,347.1413418847575,305530
51.17894061396474,737.3160376322705,305564
41.540269926217114,405.00597445702226,305597
43.085860445173935,279.20862969899656,305630
52.93519456871441,497.26517597234863,305664
52.681209347833736,375.0901816497143,305697
44.83414457959925,630.8994798155915,305730
34.670809131853574,160.9349941425788,305764
35.256240452395254,354.1975091628886,305797
58.60053754771309,817.1769991190678,305830
43.33823846064347,520.9970871284035,305864
42.50747388746156,721.914663706773,305897
29.776118117346726,347.1827898618161,305930
40.92331726940434,81.08210366767227,305964
42.14955631347684,718.8149025770444,305997
48.94473557925414,1206.612859076894,306030
49.51712636721883,882.054196332882,306064
39.37429600907201,491.2648137899757,306097
38.51078181088205,415.9196843146359,306130
35.89988140852209,692.5985148540501,306164
31.45286714796843,617.1171481722482,306197
39.15233698848681,712.894508339968,306230
29.430314209463354,244.8566055322595,306264
33.48708016461915,145.61546204837055,306297
35.47599987986604,610.6534325237449,306330
49.254294956847964,1182.814428303822,306364
56.063659032648005,694.2661358709857,306397
50.68743637285782,184.7837939474902,306430
43.03587057026278,295.91384425959035,306464
56.91856423022326,777.4770459699488,306497
46.32053843113575,217.60771944967593,306530
62.40799315554337,1152.4423902976516,306564
40.10484970649169,142.4010300197132,306597
44.2934733771497,399.8882161877308,306630
56.401624570193086,929.6567458429911,306664
56.91331741668839,322.4743006272728,306697
66.38535460245804,502.7846943059041,306730
55.350260369640885,403.3486770129619,306764
38.125203198436175,61.8688810779523,306797
45.412002362366216,713.1500414404447,306830
64.5528655769136,1371.1275458089235,306864
51.23556169777437,539.9172175135561,306897
47.41074774003711,283.42099873056617,306930
52.32578200766113,1104.6125372867268,306964
58.592232772467206,1191.1502587370198,306997
52.916658970242416,348.2272034270628,307030
55.02150386402798,563.4341125407551,307064
46.585258958435894,281.6136477754679,307097
41.6317122718949,194.20053331015606,307130
51.96650471701654,1039.2823874962974,307164
43.901934607403255,387.6201377272882,307197
50.572971076419314,551.5745965036551,307230
39.37267227127049,232.99267821912804,307264
49.06340142638718,300.9826404731888,307297
50.56649559393752,977.4295233482969,307330
42.623790716113604,295.01246498894835,307364
50.68498270808021,1390.8325278816092,307397
34.26256825877765,488.4764163126023,307430
35.40203060102114,447.49622932436307,307464
59.3971139907798,677.3828495663099,307497
46.68142217964268,1336.4448232859645,307530
39.87862627249199,1056.8951666189116,307564
42.04437034674206,216.6709221459966,307597
42.54640786702763,229.20317761252954,307630
41.2799189148253,464.16829438544863,307664
47.46926823762569,774.0685729843404,307697
36.95379334885477,403.4171571301371,307730
44.74865611359739,446.557776027003,307764
38.36942823953457,196.9869765712069,307797
42.12880846872857,584.1634970051838,307830
49.2234388296254,945.2530697861259,307864
47.803617315019956,535.6141715991241,307897
44.447733432873704,336.3989926802009,307930
31.426509900064,123.57447550117931,307964
38.16683254783554,683.0928932654812,307997
48.3965459812409,615.5743370856351,308030
39.29434846724729,385.1541785345407,308064
43.32332654665201,564.8893769321561,308097
27.099730941301054,248.80458290909036,308130
47.57859097722036,465.6776806223655,308164
44.158631983580456,718.8152213387058,308197
48.51654149720231,793.3452011502466,308230
39.51087954547112,384.69039754327207,308264
44.62210107516957,457.66809563735114,308297
52.8800842812002,895.8966864131642,308330
48.24113604242906,896.792793335852,308364
48.346582458874074,742.4079645472897,308397
49.289116792970404,538.1829657689228,308430
47.23693876481001,71.27161612958903,308464
48.675220159157575,1291.7229424575403,308497
41.697216493973045,428.9421366547425,308530
62.5665539960519,1258.226321059122,308564
35.886483837095305,155.16027780989717,308597
40.3566054223882,459.5443987816674,308630
48.50197462434466,552.7584575394269,308664
45.07685744640549,679.2769227564381,308697
46.449907868320054,492.2060590245792,308730
32.77672963784191,102.08599424781514,308764
46.49140475321095,484.54928407311354,308797
45.91452421435058,1329.0564661698143,308830
47.573696542021175,812.1433973276826,308864
40.21354509617614,541.6707907978073,308897
40.76190874146695,252.26679575232066,308930
40.47321379687211,191.51896495268178,308964
41.31294220088171,698.8408067066074,308997
45.42698434982269,428.3890928809641,309030
40.00399450061802,778.4804239945233,309064
41.830307130797976,126.4254053431122,309097
43.846586049341695,439.8768918176737,309130
50.58300469440081,1051.7596360862262,309164
43.370126902349206,456.63209247412607,309197
44.31037880555217,573.390330108473,309230
36.623192701198306,726.3417563708952,309264
46.702958586434896,290.2336592737475,309297
45.38146403880508,948.7227216946416,309330
43.505044518183865,506.11110147084054,309364
50.725304196986436,329.14351412319036,309397
32.70030238975162,321.8902236188046,309430
41.457846269309954,334.84698271026275,309464
32.78412197992696,834.2013460052701,309497
41.600734583321085,1219.9788821280727,309530
38.424390675853815,673.1662011893584,309564
33.87097393405561,159.75712475852544,309597
30.600605623079254,68.20293550077054,309630
45.66657336679864,1157.7640769347968,309664
44.56528274360392,642.3355739826386,309697
52.720997642974865,539.6964075294396,309730
37.95521453435951,314.6016896507439,309764
34.999212151647725,748.6551487639539,309797
48.03806158752966,768.9446389127077,309830
50.90387941536293,553.3950604661907,309864
45.14550808880076,1067.4830994040246,309897
31.74807996728481,454.0594183908887,309930
40.97046835989566,1081.4207223707879,309964
46.25827945806543,977.1715815795218,309997
39.314735674269016,1158.7515588623596,310030
39.614899476775115,803.6597394450024,310064
38.6671593089893,223.05079097324202,310097
36.471602870574245,501.22218405112034,310130
36.657439294671384,639.4321443574822,310164
46.81931751202999,822.9515077077216,310197
45.869375217444976,876.6004171612446,310230
41.98402013528802,199.5420532797305,310264
36.76994922961997,454.7708336511705,310297
44.90562158766221,969.6851498256858,310330
58.624979903100595,628.1117313610503,310364
46.33301193077145,913.2520054229906,310397
29.79160525292295,292.8602564540138,310430
35.52453568261793,378.4073645344057,310464
52.10155407688116,587.028062773829,310497
62.95659299074727,490.0673989973927,310530
55.83544293667567,1225.8033120652356,310564
39.441521393890206,209.96639013530117,310597
37.10423958735458,311.07540464418923,310630
58.11214006184465,1225.5791774325503,310664
58.97390181197852,846.4789050711164,310697
45.16942231569292,902.1232876665821,310730
34.27099552406116,496.69886578977946,310764
46.902395713321106,277.965276351037,310797
47.795146304365254,738.2239897443205,310830
49.67454720520671,612.4393599576908,310864
43.31356254356505,594.935299784679,310897
43.422839999252105,576.2569663993512,310930
42.217981863396616,390.6420073819142,310964
50.839266879375224,933.5689431676614,310997
46.05453215595928,972.7800678957128,311030
51.25933803036217,646.2802646890657,311064
49.916200981724316,343.3728795521034,311097
41.1820681095209,366.63726622278193,311130
46.72301675625294,1076.159705194907,311164
48.09945463747583,1193.2424635774044,311197
36.97092772715475,374.7505029934994,311230
38.53855412600676,130.57984587684774,311264
42.50769605889697,293.6957757644348,311297
51.56966185862908,978.3699757866568,311330
59.4204058042112,982.015374062863,311364
51.327400054498824,1015.0980036454341,311397
41.22411744404177,524.5721409598508,311430
29.349449583637004,136.60980913754975,311464
43.67458840669423,531.5303275058502,311497
48.40643015323457,940.2175198200232,311530
38.590391507076916,1087.5816833305257,311564
52.69804192818528,106.91637693522519,311597
44.020899085239066,330.1604437271984,311630
45.393099992538495,406.2664730674014,311664
46.430590192248424,545.2002943994846,311697
45.25157316767472,459.49512585058073,311730
33.39759121277657,341.80090118426943,311764
42.070412945192004,274.08035462102123,311797
42.46587623169423,1201.649355874427,311830
42.995626760712575,972.3760794534967,311864
46.31972452442618,562.2831199812721,311897
37.65772932010483,272.69542245371736,311930
39.34886305841793,879.8669760098725,311964
35.00417378176015,485.10781785633515,311997
54.25102302162973,631.2265011066016,312030
37.13226049170133,679.7952307764366,312064
30.615830080342867,257.07094849157295,312097
42.078919935483626,568.3644970631589,312130
44.38325777915267,1140.3264289092835,312164
46.12404031990743,954.172904567554,312197
44.14718781582218,902.6258079545216,312230
40.24846064633227,137.86141560064294,312264
43.61367425041512,363.84741837867654,312297
38.71677439634897,995.4113803422172,312330
41.40054308785899,675.3950320303314,312364
41.11653823689918,570.2302834136075,312397
35.79051868334326,308.6387723772574,312430
38.51641645523557,482.4856634468583,312464
44.925180444789625,1087.1281620030927,312497
45.43247016800535,253.69065443330345,312530
48.18490088706945,1021.6153265032935,312564
37.483862866291986,463.7600246210168,312597
30.6516477199306,408.8764920532734,312630
49.681000958887175,687.5981437230514,312664
45.63845196012362,865.3317026834891,312697
68.68036731280813,1363.807145777757,312730
114.61711113241927,2193.717835658653,312764
206.77557548865593,14486.861381335144,312797
303.2664065554135,73606.88665496666,312830
509.100629888449,218335.5486471844,312864
772.3033421177187,656471.7477538018,312897
848.9611914273719,797435.0954502175,312930
1057.1931745605953,734620.191662491,312964
1253.468493372596,874735.1361222347,312997
1327.4490228789184,989461.8916578054,313030
1451.3083970034259,1203142.3367873463,313064
1497.8293033087364,1311291.9781496653,313097
1609.8189382716841,1604172.1859818276,313130
1665.4478925350384,2030584.1172505983,313164
1607.1017710222636,2626052.6975771035,313197
1706.574220024026,2569920.8315493874,313230
1762.1908653919395,2407559.5539292074,313264
1845.126781799238,2011364.3590871878,313297
766.290225029237,269328.2910246413,1604684
847.2125295288549,110178.72980931899,1604717
678.852158211361,37900.54729177714,1604751
613.6500026926058,69143.67419536502,1604784
629.6287578555932,55370.62728122277,1604817
756.4221627497661,102802.91170096645,1604851
933.0058056383657,203453.7666451042,1604884
639.668284247251,61939.88612817812,1604917
456.409013777242,17323.41214288529,1604951
443.2070974235382,28489.668793402292,1604984
413.071233184627,28510.756315331546,1605017
400.70673260263686,33601.91444691885,1605051
450.0926231453551,61646.630590133354,1605084
610.4476230715472,165543.69948629822,1605117
751.540008671525,315530.6153660042,1605151
877.4685782826384,297940.0941266452,1605184
1083.6538147122046,209557.8098596871,1605217
1476.5691909844434,187658.62423554636,1605251
1570.2440110737357,74565.94568706618,1605284
1379.6939588831003,221642.9798214781,1605317
1306.9912631146135,192403.43814206723,1605351
838.0211670224196,95938.52362238179,1605384
585.1154000961778,2194.768570289833,1605417
636.2425865527488,72688.97105666788,1605451
924.3487244060552,108739.23568889863,1605484
1146.0854507710458,74042.13953092934,1605517
1122.718705425671,190667.7084873051,1605551
910.9472121761826,109889.17662844111,1605584
553.232880784028,53174.17961940542,1605617
487.5819941184941,145145.39901143283,1605651
448.8712180498477,94589.82960644603,1605684
381.758996403929,91166.66866466492,1605717
344.5477383267754,42498.85601390396,1605751
363.03040693927886,12412.92363750157,1605784
366.1219401209657,18904.324962060018,1605817
337.23832636457206,19301.3112308224,1605851
282.8887103855282,1778.3775364127512,1605884
235.40754065348943,4178.88980347571,1605917
347.4299204543643,20472.6503730741,1605951
436.1275712803028,34272.14156914436,1605984
409.58242819575435,25849.634513269724,1606017
425.70328000540957,37387.517392635906,1606051
310.0093104072099,39763.2274608462,1606084
206.86895614460803,9495.43498364024,1606117
257.8093493255378,20609.739400342805,1606151
225.48061537934473,17423.69208815202,1606184
202.47799019276974,12573.863487496634,1606217
315.02335209942976,11385.087632038714,1606251
337.5505334765081,6027.437349724753,1606284
401.99477228401827,7113.403056320303,1606317
427.9583928140106,3332.2140200490094,1606351
433.0921694008715,12401.372803646766,1606384
242.5986597024173,7684.490310590717,1606417
118.1132279474984,1687.4653838222828,1606451
259.1223982604407,15834.782719757564,1606484
238.80477683535423,21487.878560616657,1606517
223.40024120643528,10078.13222890653,1606551
125.44950753995514,3984.6210579827384,1606584
111.21968111637071,2556.582532372813,1606617
108.65289242143528,621.9489684560092,1606651
97.78138919064395,2641.5999279478183,1606684
125.9066615742344,5116.512571231204,1606717
155.8048847430824,6049.437890194808,1606751
149.85264056115278,749.9861168499507,1606784
132.85620754866187,766.228115786883,1606817
134.96702341063093,5018.702591674208,1606851
156.0487714421957,5192.180931381381,1606884
146.36303067741696,4343.063250921495,1606917
144.40485488090775,1225.2378868239643,1606951
133.22900840520327,2505.2313193662803,1606984
204.12034245392306,5656.685796493181,1607017
268.51874023823103,7669.286140873429,1607051
297.2255659981173,11159.562917098794,1607084
237.18037966667262,10393.467501173029,1607117
193.8512456382674,6598.094564492116,1607151
127.75748231627259,7989.0257122073,1607184
120.85287911532244,6313.781609537262,1607217
136.87845463520722,5264.888656677531,1607251
160.79326283654558,6806.726626377575,1607284
130.01228042076218,8109.206939793097,1607317
183.4645515720108,8805.158316480987,1607351
188.93340183921782,24609.169669460643,1607384
165.1029964034262,4021.2005786102372,1607417
131.34240244546822,5979.773319852662,1607451
127.8342779182055,3791.5973891309986,1607484
104.44593570580159,1485.64651453956,1607517
46.91978698270172,634.7335894978935,1607551
70.22139740279317,2675.9553467989913,1607584
101.15227554700087,5332.417151663611,1607617
89.2738411632808,4085.58128395331,1607651
91.05952508046191,3979.9628921207272,1607684
89.41586099970525,3311.4038016813925,1607717
59.48120231196979,1252.3865715225204,1607751
54.480551761456624,135.26947976724466,1607784
64.21329338258599,546.4529529619388,1607817
66.91098474963027,624.9201198347432,1607851
65.79322182350022,844.4519620836952,1607884
51.599677815146514,224.0732493730756,1607917
42.600310238476425,200.61356758556062,1607951
48.647480541088306,242.02263700443427,1607984
45.59567930240415,987.6340289523145,1608017
65.30202210795588,1373.0459086120422,1608051
46.49427505002783,1253.8823875723597,1608084
57.70991986704166,1089.9651489396304,1608117
70.385592507148,985.8683674177097,1608151
60.862587639496425,885.945425824616,1608184
45.07783340559759,1156.7889354571896,1608217
42.31115746370648,1508.5659540814354,1608251
36.57122863515109,574.9452361155054,1608284
42.02771506779565,567.2711661801835,1608317
52.43048428984376,362.04431713244657,1608351
37.39163776389391,670.4654253337426,1608384
50.22266917460323,268.08350097835864,1608417
34.70688268968214,49.03229396464222,1608451
49.39195493330489,468.4347878663786,1608484
43.59152729086598,412.3787484496852,1608517
40.67766496073492,669.5275733421986,1608551
34.26705736808424,726.768779332424,1608584
38.08025227024659,284.2943870343794,1608617
49.17802226796545,736.3221258114944,1608651
55.08775786686196,858.1389332019874,1608684
49.76114435600871,707.828512380463,1608717
33.70280359859775,219.7210295943471,1608751
31.211846613008724,229.02063100601572,1608784
41.909637010218134,1400.7823256717543,1608817
39.25168312265306,346.50537203883266,1608851
50.09187030417565,281.00452942964614,1608884
71.67057365269628,1352.5288722934406,1608917
60.507622469054766,1725.2276231423398,1608951
61.92650450917809,1131.3080392747465,1608984
45.66137601324789,89.43874057678995,1609017
39.509574850015994,137.59349517098332,1609051
43.955042910902336,317.55420270073375,1609084
45.31469656008076,234.57827566780503,1609117
46.50486841192577,176.29721398946867,1609151
29.125688024963154,83.29429707251809,1609184
35.222174177478244,505.39844621138457,1609217
45.87180950742176,407.57709251481117,1609251
32.96669163216373,110.19724282982584,1609284
54.13119304228221,619.8139398191772,1609317
33.621560435948766,202.19067385184434,1609351
38.837826971737684,641.8231961133648,1609384
42.02111927685273,508.62553472051496,1609417
34.62593187598854,403.44484171940087,1609451
43.90285707967812,902.3391402413565,1609484
36.558552204620284,630.4722607020537,1609517
40.16167333684194,100.83999478479863,1609551
40.64092984259689,437.9148215291169,1609584
44.219055232647825,185.07515433204122,1609617
42.00878806338538,823.4617254455695,1609651
38.31434319201365,369.81110576459724,1609684
37.05381882685212,217.81451034681953,1609717
69.58974612222002,607.6672346449643,1609751
133.67093989819605,5882.879826732859,1609784
210.01007384405585,8364.36888401422,1609817
229.10426805649004,8647.634358299965,1609851
224.56405346826187,21098.185889903627,1609884
195.86086566815405,11158.921299721322,1609917
148.30859860166925,4393.15958080895,1609951
120.99427602913488,5159.385168185512,1609984
118.8831486541072,3917.7969660854505,1610017
123.71343252816015,5585.18661210036,1610051
79.89297063163512,5554.7132436526845,1610084
56.99149941376591,2194.5689945707204,1610117
55.25328130307304,1174.2749052434797,1610151
113.6525817509208,6062.6906613502615,1610184
126.28190641686058,8123.280111723262,1610217
131.29793367021054,7144.252613932993,1610251
127.38354552452321,5061.032329601718,1610284
149.15285300673435,2812.826439951495,1610317
141.45119084916138,1387.7606073541315,1610351
122.98467366586708,1658.770043300184,1610384
99.66821902510067,2178.246116364561,1610417
106.58321209979924,2166.218898489207,1610451
64.11847919134468,150.6206261890987,1610484
122.8451748317455,3197.06302055788,1610517
205.48524760424107,4084.013017023739,1610551
261.76727758338427,6635.492386583457,1610584
255.74705394439974,31091.44439876027,1610617
219.58761515848846,14813.279269007584,1610651
145.52208287837055,3317.32339474065,1610684
101.0358761127388,3894.551738131293,1610717
138.525801646859,9117.002278095071,1610751
195.16698772567307,4106.246902086989,1610784
246.82255243083205,8839.02761152917,1610817
265.49023873311813,6335.533137431945,1610851
336.2124263809052,3970.404347064451,1610884
301.1677574574772,9059.781868034197,1610917
359.2456133430611,31874.989293767827,1610951
372.06268328021,51036.5597103301,1610984
336.11663435329405,28987.008111013994,1611017
273.3957593224476,28571.558784502326,1611051
267.3984836616551,38722.65093544757,1611084
270.94842585903746,30107.550524509697,1611117
251.72636643904474,19755.03643939578,1611151
193.2481811410238,7627.740485686057,1611184
201.34402166282786,5788.184940638714,1611217
168.29298184498967,3920.8722617219887,1611251
146.98115483407344,2365.540123642135,1611284
132.4026263238427,377.3445425488752,1611317
123.37471979953129,2103.8785143871455,1611351
108.96916097726871,4980.321955910099,1611384
81.99231816843181,1049.8597613666468,1611417
117.01833961230598,3692.3081943790194,1611451
148.1074025062449,4590.9973228531635,1611484
211.8994014565671,11822.643662348586,1611517
136.39979919918866,2066.49477842101,1611551
104.83251079336644,2715.34468075871,1611584
168.00705023080914,4611.831072742377,1611617
178.89853100302042,6359.9156049613475,1611651
211.8276689517505,8480.838666467585,1611684
239.51174444715153,8478.324271882393,1611717
197.12082485280592,9035.580409349406,1611751
161.47405995887942,8496.92796039622,1611784
149.1108835194879,6424.544416037717,1611817
149.03301690973817,2560.959870781694,1611851
127.23608904722573,1028.9776439664456,1611884
131.07573556185906,6435.551546917592,1611917
115.13679901229622,8551.917513202105,1611951
84.13074520747844,122.41771083434337,1611984
91.27158532595695,1207.49771208656,1612017
141.0050629385388,5587.172225698707,1612051
102.09087632094017,2721.4529720224973,1612084
63.51000388241685,1621.279406855397,1612117
74.95880097209228,716.5781568262595,1612151
61.75799467759416,607.3500934022511,1612184
44.753299897928216,406.1421482460985,1612217
31.133873672990255,118.48191011428432,1612251
33.45852120658274,233.92735866865308,1612284
41.47330132243663,404.36527741837534,1612317
43.941610514501704,451.33486539183343,1612351
41.50086743040267,410.2780025241429,1612384
42.6520136404731,329.0057324128964,1612417
52.307824305217835,420.69151645446243,1612451
55.975310184651995,499.3646497319951,1612484
47.76164859384515,476.82492359804917,1612517
54.83787989550524,557.0069285661432,1612551
58.989892207016794,371.39261740453946,1612584
45.81345822872392,261.727045124969,1612617
42.24403252800052,321.84171577323485,1612651
48.17880907141098,476.40235646052696,1612684
51.347456367210725,574.838724617391,1612717
32.620636110251624,207.2940997625482,1612751
49.03321041350985,489.3442765444688,1612784
37.38596287248771,795.6897800969701,1612817
43.3333032120737,771.4248327304831,1612851
32.03504629771085,481.9558087035227,1612884
36.58590088695179,76.67185629013969,1612917
30.824727042689336,305.03620274369683,1612951
41.55306756945427,895.1425755683679,1612984
42.95106780462544,341.00577444246863,1613017
34.70264054230232,458.72673939175536,1613051
39.887475103366775,91.98932987829605,1613084
32.62604856624834,419.740954952804,1613117
47.68815592022353,1440.4397849284503,1613151
37.04731211308048,286.8966651960005,1613184
34.355413992740885,115.7055293873839,1613217
36.52089742212677,109.42405148249381,1613251
35.53119142693508,550.7344357824949,1613284
40.96790256103115,438.03095974985746,1613317
37.95574659455944,400.5613004495893,1613351
30.527368829431698,412.479752351842,1613384
36.49294273209405,155.46513075210376,1613417
36.39388350072868,256.2852437353892,1613451
48.64425391831801,635.3365607302032,1613484
40.98533916968187,239.80197314614082,1613517
35.97643094530664,524.0964164375828,1613551
23.710229414020745,86.22502113450545,1613584
48.84120447266416,659.136745659411,1613617
29.58457296692675,950.9530423645868,1613651
47.546437851330765,668.7362476495407,1613684
55.874611738372664,542.4277630861079,1613717
42.1622922715373,406.94111040946564,1613751
36.91842262408733,294.6300709492772,1613784
42.97811371411952,408.2817415762112,1613817
43.23006495345682,299.16148411990497,1613851
47.118486075924864,640.2482699128748,1613884
41.371824666952925,40.77212372690518,1613917
31.700287591024402,124.09176664634433,1613951
53.78787841959163,2049.8641351192286,1613984
43.53307389164153,895.0714775448793,1614017
46.75539108531252,357.333404459479,1614051
31.8305365090413,298.21694554658905,1614084
40.438292900618016,242.94446728382644,1614117
39.81500360702537,351.36548777255655,1614151
53.831842299168464,305.33275467745705,1614184
47.43031623951701,520.3651014194089,1614217
36.9542687822705,57.18201876770754,1614251
47.659410935667026,107.7805492652224,1614284
49.64343922200711,660.1289422108856,1614317
53.22861004485456,947.3150726928076,1614351
45.592868588679536,370.89033385539847,1614384
46.02368763945715,194.02017606567915,1614417
45.214221782342335,759.8741486171597,1614451
52.488184252916106,541.3905138319301,1614484
55.739438424399665,111.9150041325568,1614517
82.09868001986038,434.60673899657957,1614551
67.84064598961992,1154.4467517110677,1614584
61.32554387850892,259.17766800507763,1614617
69.48724888450268,360.7222424631814,1614651
53.83147893051718,648.1718761532849,1614684
43.685518805291856,473.97544671249136,1614717
40.012538387076674,449.7967718227151,1614751
30.233497290303188,260.93564159722985,1614784
50.15249524769761,605.5272204296684,1614817
57.52811546479936,478.5159310687128,1614851
54.66000183067954,489.08419987011,1614884
31.38680772927311,229.46830056564187,1614917
41.16047450721581,364.21533834083755,1614951
54.39702416846869,369.1637616150323,1614984
49.13108384790602,533.7365999300285,1615017
57.17191748879732,270.57185065415143,1615051
46.409618360315406,106.94732364987563,1615084
49.904324562532324,103.75838995743291,1615117
70.18815220275411,825.8232903630238,1615151
64.35546978237974,295.37350908920826,1615184
47.315437418383866,457.04938190700005,1615217
34.198960645165855,392.0310907903969,1615251
31.59676963776509,256.04414845800613,1615284
49.573786493356906,767.6396927110644,1615317
58.08285146986991,1245.9823651290317,1615351
45.098794752474454,172.69871187418283,1615384
48.37231108520176,476.5195202764668,1615417
27.03042502540809,44.15612294579224,1615451
54.02969314710782,482.1922584293704,1615484
47.11312380309655,680.1535655140967,1615517
47.40873123250337,726.6122029242593,1615551
26.537798758031762,197.5452370782078,1615584
45.772306909187414,82.29592021115404,1615617
37.9319903841572,498.56410549620585,1615651
50.77397163200884,285.2038047119618,1615684
44.573716943471325,662.183757843297,1615717
37.4696890773495,238.2224004467559,1615751
36.175671787611606,166.32077071500197,1615784
48.40789810326916,249.8754012235101,1615817
49.86074373173837,797.9062345179129,1615851
47.61625624036609,1017.4921416517975,1615884
41.63564080417473,53.07341482574081,1615917
40.16778435329096,321.54910014751374,1615951
57.74176023164837,877.4891253508318,1615984
54.951158321802076,879.7701990922418,1616017
72.93073291037265,350.30819715588905,1616051
72.94333699400406,1435.669588179159,1616084
69.75931913838556,513.8373933488764,1616117
44.15276040236347,873.3337488514846,1616151
51.459214271700645,671.3492665392004,1616184
44.29151703386255,558.8615188390646,1616217
33.84313207354292,245.44241145273082,1616251
46.954819346830746,722.0449401064894,1616284
44.2836276609892,139.96032118287283,1616317
52.821099729055184,190.13142341320616,1616351
39.70265439567608,451.89923393750223,1616384
45.35830198844671,1010.0244407248708,1616417
34.731568252723996,90.51816670637463,1616451
48.42933145172914,255.19985513855917,1616484
38.090891247177446,308.0840039957005,1616517
50.245644574369415,113.97520130614103,1616551
46.43096081978653,305.3658773514484,1616584
40.63375080424637,375.2982955784072,1616617
39.61970448559917,363.27901647379275,1616651
38.22233500019607,847.2531071327867,1616684
51.611993910375475,455.6020845953646,1616717
37.345235593928706,184.33337843396083,1616750
36.2259526098837,316.08035750646036,1616784
28.427898249789273,235.4546010996277,1616817
37.307439818613304,935.7549341805468,1616850
35.66334615953628,357.1257407050889,1616884
24.397283888775235,251.97253885050836,1616917
41.365061955022746,320.7316494571302,1616950
41.794753147873074,179.59860930835353,1616984
32.88169910576181,547.393863918143,1617017
34.649118169108235,806.6386101031736,1617050
33.14050490883834,199.106934387262,1617084
39.30418124790451,353.58133643187114,1617117
48.14661664951005,192.1033052051219,1617150
37.9468384382544,732.8374525410176,1617184
42.4575445752442,365.9569086411517,1617217
39.332974242228275,631.9171372602071,1617250
35.47831299647154,231.68930692439872,1617284
42.353755809669096,825.5593688149211,1617317
39.22681975014429,512.4566122896904,1617350
43.779687847250806,390.1389319972804,1617384
45.921494337160766,138.41635784211195,1617417
44.230296867586716,376.08083900514873,1617450
38.1073355787464,215.830975088809,1617484
31.78668693496412,256.6065336985815,1617517
46.313188322213435,482.88858743119397,1617550
39.18106979477687,472.84376973682373,1617584
33.3825382536917,37.20613974081024,1617617
46.502415762315415,826.1253282687587,1617650
39.60106412798989,430.1557199308319,1617684
47.3424833512638,601.4892701353093,1617717
38.96023862748674,554.4998060892904,1617750
37.92484180190493,294.3063743004841,1617784
37.894931503943226,288.1741663114507,1617817
32.75158504144305,292.1336772731239,1617850
52.27504299192769,301.3198801921109,1617884
39.00169458132921,392.4678197847152,1617917
27.475292312845546,675.9083123236904,1617950
42.159306412664904,255.992882803032,1617984
43.87828824774672,870.0958204476523,1618017
36.53314053906483,548.7296423529376,1618050
32.91998015734913,392.87490643973916,1618084
34.480273020322116,63.110772444047186,1618117
46.85286548161234,649.2089961619382,1618150
61.76371890093778,508.64302752593994,1618184
43.4906717263356,448.1614727921139,1618217
36.8157855395773,373.9979351038511,1618250
30.065172067851137,186.68542853050377,1618284
39.51897115233837,719.450919060648,1618317
36.66098287935276,190.57233431980382,1618350
43.990597517839326,354.6273300234687,1618384
39.28921805189249,253.15734487084592,1618417
24.85561018858047,451.39864215333455,1618450
44.3104876048925,399.58068821666774,1618484
32.777529515573335,575.4335588557188,1618517
41.76301042205755,511.0509604871121,1618550
35.78554928503612,199.99446236825065,1618584
40.176704293577636,780.83243210642,1618617
41.470361663478,879.8091035003338,1618650
39.83367303116846,412.278492845962,1618684
35.974069474545594,791.6663254405667,1618717
42.42961906016328,100.72742640942853,1618750
39.53376200604013,589.8816616497782,1618784
38.75077323843809,367.97757342315015,1618817
41.72177495793521,593.6934943594108,1618850
46.785364339320324,675.5296836370542,1618884
38.35513084057097,174.6839382026818,1618917
56.068799410576084,210.08973265658332,1618950
43.8414576493258,418.32659118237154,1618984
53.65062127437896,447.6108368731545,1619017
57.48589047880991,576.7723958582735,1619050
50.21710190562955,178.44267619961693,1619084
47.58204718181501,432.74878598753077,1619117
47.98486799566287,995.6524434388097,1619150
50.62189861932878,730.8233801743987,1619184
36.62899242606894,303.31691385098424,1619217
42.55628008560262,80.36302527574206,1619250
40.768897758321756,155.4969755715071,1619284
69.81693881068375,636.1950551052411,1619317
71.77328132148764,426.9960883465936,1619350
