center 0,center 1,center 2,score,MILLISEC
562.6645921802622,982.2502427056247,1416.1126154839785,-102260.8584062635,290430
1073.14877390337,532.3297977926168,884.3304001194133,-85916.07151457848,290464
840.4648040695331,1008.9128312716413,639.6158274774876,-23993.842141348992,290497
1000.6133495930859,540.313136076782,824.0626023971708,-28775.08273410686,290530
953.4739041008329,519.9107750189419,1075.8199434076282,-18773.38182657741,290564
1020.4189255723569,837.364793639448,1262.8044187442488,-45605.17520339071,290597
838.7974909165554,1419.6807046534973,1022.120061424068,-33109.57693978077,290630
932.234630585325,1348.8224965372053,1048.92184268899,-30254.58084712134,290664
989.2190391545992,1358.7127465391363,1188.7968529039952,-23783.090675391984,290697
995.7345691742936,1917.0375583175203,1337.5891615191103,-40463.150739898054,290730
1021.6733114408806,1704.3089353789014,1443.9245132623796,-65743.48653779949,290764
1045.6076980088326,2088.7029468069413,1393.6684839343034,-78509.3580172322,290797
1145.7123688044323,1023.5089515994474,1486.9811700220014,-18092.099800682823,290830
967.2534313725955,1449.979434627052,1136.13796712427,-67182.35193155106,290864
1058.1666723012493,834.2778190644101,1418.0331448876645,-66555.0854222041,290897
1066.4429709344256,939.4685136317612,1209.6835513300914,-26197.27220337644,290930
1092.7695991871558,809.7907137032382,974.526774634604,-19242.858524808158,290964
869.6184464187936,998.1762391104912,1104.5886532703964,-25947.234487018686,290997
1013.4570299720908,1109.86439168471,844.0647918473026,-19097.012714320157,291030
997.9246865553932,925.6421311548315,1070.331767521539,-7113.357038900215,291064
1044.3519196884245,956.3617878041136,828.5321128151306,-11972.936957740258,291097
1052.746607308261,870.5033826135175,1512.1914561324568,-44342.112301581335,291130
1198.5880396693547,1002.548961522069,682.0823551270432,-33330.963805194755,291164
786.6652708802302,1123.9249148275019,971.8170795523934,-46821.729283879686,291197
900.7910974813352,1126.5052127002712,1347.5644697008006,-48710.22990079272,291230
961.1072744338362,1168.854817228315,1597.992803488176,-92779.36993803928,291264
943.3387014834747,1070.239172806802,1397.4079576129513,-31628.58260914214,291297
1264.9800730126326,1079.6875615792296,922.2346061391474,-42985.41029864212,291330
1107.045078851884,796.0538540679817,987.9389130734411,-30379.80482268344,291364
1061.525929551281,1288.941038217032,963.284917659589,-15608.312469949858,291397
1078.9979831282872,892.454441140298,988.3178167110359,-10541.133116223167,291430
851.4103270749273,1112.143015214277,964.9936695645791,-20084.067022896674,291464
924.3103894532944,1055.012400452754,593.2377263795687,-40970.80676823535,291497
965.3796274378842,1084.6370901307776,803.8263275266024,-33854.702113063686,291530
781.08436845449,1091.9962638465274,979.1585792398264,-25150.28953517614,291564
818.0237981430225,1089.0718909407396,973.5816781900393,-15976.656191134578,291597
1016.3840555651827,859.1857672438996,1323.4281242288907,-25858.8712109935,291630
945.8895540567855,1067.7278087576235,726.1005440019998,-33462.89704955039,291664
918.7136841500346,1038.4240953293308,761.1215912025896,-30798.032058983626,291697
854.5129398300411,1038.565323358442,615.0674759731651,-18660.302943207385,291730
1168.1546547580554,794.6139606795863,1001.2011323155076,-36438.94560803449,291764
1137.2070981768882,983.8902699111422,815.6068867643107,-24437.634097986873,291797
1014.5501369874562,835.9305553039886,1145.9221435429504,-41435.18969664214,291830
559.4658166501328,1025.2426324446897,1277.8522690965376,-61810.30425603195,291864
1032.8701200170083,1280.9433187290513,795.8705924960414,-46106.323750175645,291897
1108.7067906606956,973.6192044482088,1301.0764773832475,-30752.531850342424,291930
1028.7214771916538,1178.9725432378566,963.0911427143108,-4576.714388383775,291964
1093.589848250983,940.0006623252551,1328.3900753991757,-37308.605575258545,291997
1013.1021162056908,1190.5424428309102,885.4197640738996,-18006.94993852499,292030
1058.1422125671047,562.0862923075068,883.0051330314188,-51223.25503675343,292064
630.807920419997,999.8730777763869,1077.7255834365697,-14882.625602289743,292097
795.6556190293711,1051.1298148334688,511.8964739085433,-37572.80321651467,292130
932.6218675001327,1054.2954456237628,819.1464956950512,-21639.790100261635,292164
1061.8772613624753,801.5813573201838,571.6834788587125,-63886.45599694939,292197
666.7251988880378,1000.6190190038695,1387.3146723076204,-108181.47319592364,292230
758.0201293432467,1002.4176244813177,1566.571734712458,-29165.324082126197,292264
871.3250135672193,1448.3538932180904,1041.848325198147,-34979.96957805044,292297
1036.6795611597695,895.7772036823031,1164.4008831351712,-33041.94430770471,292330
1205.7546920059706,1008.1808688121916,744.8764998306766,-62542.75808337221,292364
1213.8612101839087,991.5889002669355,1409.6866846757985,-52511.77086958571,292397
1310.3483892087936,554.9252201873691,1036.4588578097257,-81665.85516718907,292430
1508.776448972061,1052.619014572423,597.2712099299359,-114721.97955914628,292464
989.5759394686175,516.8733075858904,1289.4034847999576,-101324.37496229699,292497
1003.292809282808,716.7930335226189,1258.1848087269727,-56061.24745973975,292530
1018.700564080631,683.2753543937841,1364.488548870968,-93837.92847204104,292564
989.1478918786042,1298.432058153599,625.3406100717882,-79275.67281639375,292597
1420.825464298835,1005.5951227684201,700.5854149731048,-55632.24501587871,292630
993.6061300094655,631.5126364802454,1312.819865785097,-69453.73923051011,292664
987.9326713465314,694.6805409546532,1208.9793679100408,-56921.11060685448,292697
998.1569102267337,717.4540188524159,1262.503707917301,-32686.62745461346,292730
1030.165218589436,1425.6468707221995,660.1174137984848,-67321.71372010936,292764
933.078883627347,1032.4661249478868,1258.235944799031,-29525.320784250234,292797
1190.281050834651,2305.94319097414,990.5406554993633,-53785.008369779105,292830
1008.7161041507159,1231.1661895804214,1601.913231108352,-33416.28803312742,292864
995.0119644943684,2559.5298396385224,1267.353272089558,-101241.8305391999,292897
974.3128900929148,1655.5086831545161,1298.0953136784601,-42471.37620356247,292930
1016.0433931555475,1632.5651266063387,1247.0506667308791,-46161.36268933509,292964
979.4471404572884,2198.9881764120514,1210.3689520142195,-40080.18670057229,292997
1342.125267464307,964.3528214706629,1067.4729417825881,-23252.081491094923,293030
1003.3851818914676,750.728979059687,1105.2352690717032,-3125.4746487712705,293064
853.6008010358341,1161.382365975995,1006.7291618306278,-21133.754050565007,293097
989.9312298273236,727.5335043831315,1056.230913811969,-3614.7891699191846,293130
982.8414858057164,1124.5383793343283,1034.2873956771457,-2442.0955271766397,293164
1012.7560362123265,1289.980232406683,853.2912750052001,-10543.955616955032,293197
994.803829320232,735.4427238065517,1047.7977388469774,-2279.789439115941,293230
1019.8011341354689,975.7913494571161,1105.2022439354707,-5094.657326658572,293264
1272.645463989983,973.9801945320736,1040.9383410390926,-13866.701669761182,293297
1050.102596691065,991.4186367734357,1136.2650369777616,-4768.543757607337,293330
1009.1974288576815,981.6062120421857,1057.112309351733,-1356.384197893558,293364
1060.5031599834606,1324.1287701730523,988.9746670688522,-7977.437747917396,293397
1033.2175210232954,1188.7459779111769,982.8056439998976,-2374.920600377592,293430
978.6207799586704,731.5551927230098,1039.736421100623,-4832.5635151796,293464
984.8555511995497,746.8105516126564,1131.5396590486787,-8952.605800034868,293497
952.9108521845521,705.025531452585,1018.3135859873403,-5549.94488059078,293530
967.6861494702837,700.224249794307,1013.1290496001018,-3746.8564478054172,293564
985.2427734595823,770.6810989018365,1022.1957571229229,-4596.867849868142,293597
991.9485169800204,717.1540978060434,1038.6915791162248,-929.750164692498,293630
1013.0671626162741,656.1973788426772,1387.1103056354243,-10421.936400561854,293664
1006.7199802015118,1365.5339614963812,753.7831253085997,-16069.340482945836,293697
994.1995685477347,792.6884633952989,1185.1404980001316,-13021.050592976915,293730
1048.6298566401285,998.8610740030983,958.243098985233,-2431.438881262845,293764
998.1487762777423,1245.1991808542118,900.7213775635615,-4539.285813439073,293797
1101.7986059121447,989.3222666658996,1330.830567728289,-10475.928178721499,293830
1011.4873021392916,1155.4987223051523,1345.8488028006711,-9652.094445026121,293864
991.4932751154648,2143.627066446027,1066.6006471970877,-11260.151001860304,293897
1144.3381137070162,1344.945352049666,996.3758856649489,-29905.978137066184,293930
1071.5764930500627,1252.196367582982,987.8332916659306,-19658.97176022102,293964
1212.85980488328,1003.7528450807963,710.6468884052051,-21166.72841452559,293997
914.6201928151227,1041.9914256723441,1380.640628905182,-41980.24153458826,294030
983.6695206659965,1100.5185598727933,1378.1589168161993,-17077.612742067464,294064
1059.1833323122669,1527.990065843515,910.1487514315303,-70545.56738787815,294097
1011.8630584199707,1828.0519686267128,561.9626322096515,-170986.11406976066,294130
1028.449484742844,454.8783568723662,869.5437984887701,-61057.264258861396,294164
1002.8394013439188,378.1692290206058,1908.1711139203423,-131029.82490213835,294197
1919.9388011079936,1030.1507862268643,268.2051453645138,-131668.00690642672,294230
1010.1933537355371,1486.7207855479464,722.347500259975,-110974.44619830031,294264
969.0045179708544,1887.220442873593,1185.3558237165885,-54575.31633927425,294297
1135.9867521673234,975.0895594708741,1865.7891091974998,-43664.50883176947,294330
963.179404319611,1137.8901645518033,1024.9973006456387,-5581.2353050823085,294364
1049.7796307621825,913.3898401011476,993.6132975767831,-3176.6710117648468,294397
1004.8837755906646,1106.356755410634,966.575736310071,-3964.3158115807623,294430
1008.5712359804319,924.060893295321,1109.748227129535,-5644.822694412427,294464
1044.5296885524374,997.5150793526045,923.7959088921864,-3259.010805126307,294497
1002.8215959875985,813.1383646096155,1184.3842281962386,-15093.852692399945,294530
846.1655880359073,1006.0625525501821,1292.0669487298248,-15653.419878451597,294564
990.3317898493942,834.4615645130418,1045.687212673784,-6387.575076813947,294597
1051.3996166871964,885.3487963082534,998.2306923516387,-5179.250342800991,294630
1006.5305015994988,728.8333142770026,1086.4063868934095,-4558.8665826105935,294664
1014.3094871380596,1611.3357812696893,792.0959537833785,-9784.70022417273,294697
1011.6824119773188,812.4173804147717,1114.0314178693525,-3062.76214056569,294730
973.3869669237291,1029.9881652514994,1006.7961244245433,-1070.5277885508674,294764
1010.7739442818211,1480.390151277696,865.6384926746268,-6344.469853582195,294797
1003.5288266444393,1380.460068238122,913.6044001645351,-2707.5173108889403,294830
1023.5475652572853,991.6739563844512,921.0304012354858,-1319.933140437932,294864
1093.1243607863394,996.1568683269458,952.0807053687179,-3137.8488607485283,294897
837.3786479245814,995.2064567110906,1057.4050099532824,-3033.700618627287,294930
1030.7501647357299,882.0964196446203,984.6326919352518,-3596.460137667631,294964
984.9446176496459,906.8494913710874,1010.9444130143827,-1028.9706049544102,294997
986.8012370927892,1006.9180187018272,1069.73127466668,-903.8433551251842,295030
1012.3378679605527,998.943374723094,985.2004288691753,-273.32495597804757,295064
966.5106258916874,1041.9919399543103,1004.0537061313047,-3159.911933042701,295097
996.4099633727142,1049.708568985747,957.1154580300122,-1798.4499053407933,295130
1045.0123643695947,995.0682314145351,932.603881613196,-3252.8833539581683,295164
994.3161304072572,1014.0978318550855,1051.5833391744154,-492.5083602922833,295197
993.3009594361627,1105.102710158653,1030.2173823448863,-1504.5887979915133,295230
1047.6219939196487,1011.9657554690295,981.7266601974342,-1065.9260146285108,295264
987.2221615659271,1098.132050347316,1017.5521474527179,-923.3967040602853,295297
986.599583396283,1025.369575550082,946.3450744839326,-1530.7310919587449,295330
985.1348396171257,792.1224652792016,1034.737616468176,-3141.803054190683,295364
994.3484472917837,902.6605120420412,1025.6437271701338,-865.598718831785,295397
1000.1966945942112,915.0704890881358,1078.9485622586462,-2945.0097194001737,295430
986.7290087334351,926.1140378289278,1007.0351199713813,-1448.8949698002825,295464
981.9024868284592,857.0075845638708,1010.8694967110249,-2161.4294742049724,295497
1029.9223090168941,997.8442522472951,931.6496122470078,-1235.4803846374475,295530
1067.9455322408025,993.5974800123463,871.895635956506,-4098.593058108006,295564
1003.1537601529393,1089.3302306423543,925.527417205995,-4281.23260059903,295597
1006.0844784757786,940.7087753391057,1027.571727248821,-535.9484955806697,295630
998.3604536787373,1029.1860329371448,944.4903387541875,-1084.0034928040172,295664
1021.2352423029151,953.0608584975043,993.485871246181,-1185.8919789867014,295697
1003.8766922025229,984.6283598304784,1020.3083672625831,-315.3500254835087,295730
1059.2696768838355,996.3672666561753,1020.3388646275412,-724.6021356059802,295764
994.708754812155,1024.3491470416288,961.5326307515518,-669.0557759567729,295797
1007.7724250232433,984.8856207765454,1041.6137912622976,-729.9424066147002,295830
995.6813313262368,1013.3888814494039,963.3213635830989,-641.2422444553819,295864
999.9728330348346,1040.860015740519,967.9002733978002,-943.7026498383794,295897
1016.7327714769353,969.4008458836829,997.7609929820977,-682.365857932294,295930
998.2159604960165,1025.7691896573276,955.8640070637664,-561.8098589010644,295964
1028.1492579900273,983.4137801549027,998.290015176905,-413.1259687632533,295997
1003.80466541343,970.812614636622,1041.7432505180918,-1262.9261179989153,296030
1002.1383112044766,1046.02783185528,962.7341273685066,-962.0177793981179,296064
965.3065733116987,998.946520315575,1020.525002906097,-576.939416432863,296097
1010.2906471520034,1052.241417166232,990.1682141072355,-705.6216302993524,296130
998.8444626666037,965.0129532809391,1013.9215146859088,-399.04960133584507,296164
1029.416504156261,1002.4253234549296,984.5309563692434,-391.88965247099804,296197
992.3287532243135,1018.4177588735122,1001.0810438860564,-222.5062696347538,296230
997.9253785186396,1036.2052188713474,1012.285646373481,-269.9584367594729,296264
1029.479865695698,1002.9410670486194,982.8518535922678,-674.460525583765,296297
981.3430765148279,997.2041197368395,1019.4483728368843,-585.9985344714725,296330
983.8098100071098,1009.8309144470142,934.6726699759654,-1693.2644466117085,296364
967.992252035108,998.3561595874351,1022.652008813064,-628.2402345253932,296397
1019.2769505414603,980.3834487193117,998.605799617071,-368.0266753939997,296430
1043.2061320636426,999.9984820609304,942.6033099878231,-1053.3984354821087,296464
996.2763055389534,935.4464174927391,1018.466817200372,-861.5800054406526,296497
1000.0091215662562,957.664924144103,1024.1538212657442,-681.3491205702917,296530
1001.7822896156828,972.6130751336727,1037.387704765354,-816.5484990170264,296564
989.7117279708041,1029.05641771688,1002.3064431224888,-224.59621159246154,296597
1007.3169119128025,991.3344551977335,1029.773761561247,-176.09736033242424,296630
1022.4076325965552,1000.4228669758235,978.6791663642408,-331.12777759016336,296664
996.0295763018066,1033.2290566282531,946.5019809804943,-1450.4140158862174,296697
1000.0188182404313,1046.5043673912019,960.0354160133885,-708.9392074263945,296730
993.8414208678831,1042.9602101710304,1007.1297402808705,-369.1011054426157,296764
1002.2350292511771,956.2677449333947,1040.9293924181409,-867.2459864904886,296797
992.4521462299404,1038.3305938721692,1003.2677680612998,-367.8015109420796,296830
1004.5593529755392,1042.6315959234712,972.0565827152244,-1100.1417386171156,296864
979.9505217306228,1004.3737150029644,1028.2821089246866,-394.5100385409867,296897
1003.413831870872,983.3345926111328,1031.1769974160595,-382.6119377049988,296930
999.1144531944675,1036.021717919079,981.3336212456566,-475.67005873588465,296964
1010.2847926416357,1034.2825995438436,997.2238341140518,-426.83250290345273,296997
995.3985321243151,1039.7618974558836,1010.2479257390721,-449.5298050773429,297030
975.1386277212387,1032.1498374373305,1000.1181662652424,-461.5816830513914,297064
999.2263113616631,974.4592699464595,1022.3769400795102,-398.6188311050552,297097
996.8549580231662,933.9828692219146,1023.1635420417213,-874.2371134869444,297130
998.1123950006289,1037.7282881371211,1016.6487894253514,-377.48023320571923,297164
1040.566192032011,997.1367143980656,1022.5382842232004,-344.9299852305423,297197
992.8364876835615,1006.292164605351,1032.422635626347,-448.149409311196,297230
1003.2034352198336,1039.5487006451722,985.7623640145464,-506.614504260401,297264
1003.8874771973449,983.5370933579951,1033.2690948857007,-462.43032729822437,297297
1013.2907580930845,996.7844738673024,1044.6726760090933,-281.4512926197373,297330
992.2021399385243,1026.2215151566427,1003.2373848528861,-341.77006421821324,297364
1007.4476261425907,995.694420824817,1024.7945354140481,-317.8461614671439,297397
1002.5185003828498,1027.207231555439,981.3510048329158,-384.5412388282703,297430
1002.0033144709786,1022.0557567652057,986.2742206818139,-339.02138110408816,297464
999.5951179696996,1041.8596896941006,969.735217666476,-668.1907894374907,297497
1000.4862430720331,976.7246484120138,1031.486636847922,-774.9686215965729,297530
996.422298178105,1016.4331680673529,970.5771478867613,-281.11119745698943,297564
990.5491464087283,1027.3165747520468,1002.7480546728958,-147.56956243382118,297597
1001.0305103993808,1030.4644583875759,971.5317802316093,-273.84149377256773,297630
1005.0116315000621,1065.456709585143,971.3803102168512,-1189.6529906134924,297664
997.7197473039428,1025.069777511235,966.9891254888462,-400.2803091564409,297697
1002.7282547648973,1051.0342525341407,971.8407001698463,-387.9192366264805,297730
1019.1071241176119,1000.5332368766059,983.866352712603,-257.48391334355296,297764
998.4579169162677,966.8736296255452,1025.5430015619793,-652.0941306881592,297797
1002.3041581378469,1033.839205992275,975.4614195040707,-600.1698592368771,297830
996.2406011964611,1056.7904238778851,1013.3099371734683,-720.1947068587,297864
985.6689769038194,1002.6669512427088,1032.9062760931456,-546.7271868191737,297897
1028.3926254724279,1004.136397484536,988.0332040969053,-490.2312507939072,297930
1007.3940761268288,1040.5104280718572,986.6938556682712,-551.7329371854374,297964
1003.2451634824516,974.6744787541252,1047.6799755685697,-493.36190485712854,297997
998.6810099170766,963.8485358187769,1017.0905062595527,-395.59140215677024,298030
1000.9521235242819,1034.3653777124787,973.3750561833809,-397.5341384411932,298064
986.5953755423961,1048.1716826801735,1002.3264771591622,-537.9071726407085,298097
1006.0903800846684,1036.0627394130145,985.3038782979615,-319.68775594621457,298130
999.7961858816145,1025.537829688688,968.2917948635112,-308.9468103215275,298164
1002.6749993836945,979.2371998341359,1027.2451336139873,-448.0311856629447,298197
990.2925349356553,1012.0296533550772,1000.9358933032514,-115.11842135295004,298230
999.0418462546907,935.0839534501702,1038.068398517169,-596.4520482645928,298264
1003.982959469148,1030.1260525079078,983.9774271245401,-489.2886683428759,298297
1005.3211546730047,990.8903760807993,1039.673715586266,-362.94026927064414,298330
978.4120333373819,1032.431652206617,998.5195334639085,-443.7330390646451,298364
986.7030771780375,1001.858042563176,1028.4839818798825,-335.8350264929605,298397
1024.7627230914509,925.7218804803093,997.036137807712,-1365.3629523577274,298430
981.5981316494135,1007.1425043803812,1036.9749273728848,-375.9022001414739,298464
1001.3665828857236,1028.7741025186767,955.5281262213059,-462.2588107845049,298497
994.7689793015644,1079.1320586471334,1014.2580101168701,-703.2116676297419,298530
1001.0126300842473,1041.4926069281387,972.9172626693393,-654.586781689233,298564
1023.0651834359003,1003.771088244568,992.2025859089102,-268.85313668624883,298597
1004.3698108967376,1031.990572364689,984.0613951480549,-480.5413903630335,298630
989.5711467442272,1006.6258704958411,1062.5394110337743,-236.70745865013444,298664
1000.3577205338805,986.7127753070897,1016.4380853831775,-178.33064519152734,298697
1003.3200188962892,1034.4361730981695,978.589800031288,-752.7544089363905,298730
983.0859809705585,1002.9407072642501,1029.7424890687155,-340.98930573936155,298764
1002.0533114710167,1025.9341156606354,988.503508849934,-165.96762329223571,298797
1005.1049125760071,980.6311838776126,1046.5524353800913,-858.1866985159368,298830
999.6785496668442,982.4159248719062,1031.857555280126,-206.74681490129257,298864
1024.026892388676,967.7444931300812,1001.2049650828249,-598.7379785732701,298897
1003.5732273879137,1033.1361035688783,988.3833730160139,-269.58748904946003,298930
989.6107702822476,1013.0063315218741,1000.0108823622681,-103.24990296449386,298964
1029.3725376878785,1002.5869171910771,981.5306668030902,-384.1392857053533,298997
1001.144178410906,1024.5725756143297,976.1053508964746,-456.1774381338847,299030
1003.8320359968463,1029.4362875531986,960.8777237505301,-572.0253209165251,299064
1014.281466682168,974.9903160193162,998.8435470946466,-580.1922324016805,299097
1027.9577162518574,998.3733220650043,971.6722006324554,-553.8775087189026,299130
1001.0144646445458,979.8171039530041,1026.068711149502,-543.2285009190908,299164
1013.298744674565,996.3338398808816,1047.7471068917346,-655.6143523986397,299197
999.2949186509305,1041.8441625490982,979.6110295171507,-436.9303225941209,299230
997.9436182227412,1011.9901370352478,1026.5341615757532,-199.00119961348003,299264
1007.3850542043011,969.0040993707393,993.7644775298437,-523.0998967642206,299297
1049.6285057104728,994.5274499322737,1015.4296800834197,-770.9238660305598,299330
988.2150082221792,1028.4710266742,1004.0242843129927,-497.69954629414235,299364
1037.3522969368391,1000.7324223348644,930.5364044463817,-1366.4696210594816,299397
1004.5415271047983,974.2096490021249,1038.9518756901111,-559.2837677898776,299430
1063.9287110565965,1004.695868896762,978.9753492700515,-958.5133832232905,299464
1023.9905577073336,999.6776860514866,985.1614884176275,-143.28251496060273,299497
1003.0197510947283,1049.7814058174206,976.2045532975875,-834.266122414284,299530
980.1481599061343,1030.7618342460416,1000.3992623247694,-497.3113619575968,299564
1000.2936914955644,1040.120223197685,985.9731897522938,-433.9498198884749,299597
996.7078515310407,1043.231433321806,965.5262813616209,-1229.31611156198,299630
1015.5579910199292,994.8884117283936,1054.742148584193,-799.3977963587089,299664
1025.7590985494824,1005.5941669739032,992.3792751563068,-372.7539274974852,299697
1002.7310293266719,1027.0800261490558,987.3837467652074,-276.1181053318301,299730
1001.9856811104588,1065.5341383550317,962.9399754411477,-913.2404397315235,299764
999.3517103906751,1022.8541900031837,982.2984983874148,-395.6346223060809,299797
1001.5903732592428,973.2137483615817,1026.4489640556362,-484.46290556103656,299830
1005.4656046757,1050.0223807138589,987.1880255949288,-662.1887512217277,299864
997.1845900849952,1054.8357351320903,1015.6524089066211,-321.8138755970359,299897
1000.7190499765577,1050.031428101083,1017.2676171731946,-166.16928374622697,299930
998.8025365964141,1040.824192647346,1011.2036686963712,-201.98343425484856,299964
999.8358324372009,1032.1024925877628,1016.0860756338333,-341.67683758416035,299997
1018.4549552916934,1002.2774964328821,992.8235220379142,-195.97766441055705,300030
995.4382485459977,935.515900452793,1013.7951163405975,-810.2437365382377,300064
1023.5979668674092,974.7465069642572,998.9934902817687,-777.1711178234258,300097
1003.3779139430868,985.4212423768429,1037.209999928098,-685.2179996191588,300130
995.311215209013,1037.266649805695,1004.687387878684,-266.96606505655325,300164
1026.5991706840232,969.7265065133273,999.0597526613993,-925.5742091685607,300197
1003.1478324423631,1053.9449701004319,972.3553545931281,-818.6702485958895,300230
971.1405665504866,1003.4301196926896,1061.8502719310288,-800.928509204007,300264
1046.727280622799,954.6198196140703,1001.4351161951818,-676.9127160002679,300297
1029.2828608002283,990.9798179244923,1002.8622984729737,-146.47997103161393,300330
997.9871474641782,975.80142573781,1028.2917873833283,-417.65050818080164,300364
1001.0144708770993,1045.8455908976239,986.6700987219385,-385.69799981194393,300397
987.7229467546015,1038.5984797069775,1004.7972287010703,-528.7296802907639,300430
1005.2613567003028,1041.1198487617073,993.1697265895388,-241.12394569579467,300464
1023.3417410375232,998.5947068562607,979.4048538920349,-572.5540556245189,300497
1003.4799946909501,1041.9886619381452,983.9342240971966,-600.9451458130754,300530
982.9617199308955,1023.3419168446152,1003.7390146061882,-230.04344734923268,300564
999.8718629493238,1026.3742658921067,972.6669522503579,-715.6911302999762,300597
1000.7380042522555,1021.2914446879031,979.9602613193714,-432.4821786235275,300630
985.3979765144584,1029.5585433556862,1004.4820321333701,-558.5722657378874,300664
994.4417985662107,1037.2379480488785,1018.3666537485423,-698.2542992886714,300697
984.2624598213484,1000.5199531798564,1017.7366615867318,-206.46206262947555,300730
1001.8802304364988,1036.729890320811,985.526624913007,-417.3939861895721,300764
1007.9154576858468,1052.9667611088205,989.0288594417364,-535.8775361885613,300797
998.2423469561661,1030.5893743691013,1008.7082409477176,-426.7814808828819,300830
1004.5402372536229,1046.960362191425,978.4421252724533,-972.0590920867954,300864
1002.9908068088148,1025.5385854042577,989.2573513733282,-296.10787305389624,300897
1036.8959659153365,1002.8528604729868,968.5215537095703,-695.9504992807703,300930
1000.5589048090014,975.6546520157632,1015.8723878043052,-255.8248686452411,300964
969.8312655486409,1002.3035178653336,1046.6013810154104,-833.6281392396874,300997
1000.3803841527864,977.1273771646499,1030.2585735556393,-802.76664175314,301030
1000.7419637091323,1031.860891933264,1013.7525820101202,-151.4468191846252,301064
1002.0582986123378,1036.8069419933115,980.8532000253657,-403.08928919553017,301097
1001.5017209321137,981.4578567400084,1017.8269480775426,-550.7138724105378,301130
1001.8897640863289,979.7984791704478,1041.9342589626276,-614.7072667910764,301164
994.389482426934,1016.1503393478964,1052.3701820177157,-645.9422071767574,301197
1000.8911475041587,1015.798515276641,987.9139477081959,-248.14328635302334,301230
998.1856654664025,1022.3774839453856,1051.4549607828649,-685.9216860636969,301264
1007.300056012764,991.2613154014829,1028.3966311013223,-519.5430634933977,301297
1001.5440480471319,979.7404550591591,1038.3321790648724,-397.2120332113976,301330
1005.1597374113157,1025.6230768533815,993.1300528099446,-320.2138407132363,301364
1008.5790422387141,1036.2468412330127,992.8238919735584,-420.2136524069493,301397
1007.4172904440262,996.335169790728,1031.293007060492,-313.72016740442916,301430
1005.6693797058515,990.2419009558723,1038.7682946809555,-614.6363861735159,301464
982.5553879225188,1049.7337757736482,999.7757728736849,-522.5766911975802,301497
975.2388176764816,1003.1158406420142,1033.6517567063274,-884.5499904979063,301530
978.0709207419125,1001.4677216843843,1029.294489076676,-267.9581771470305,301564
1001.2304408208414,1026.0660438049872,984.0662393808817,-507.4066575550493,301597
987.3189209356586,1054.8843538511699,1006.6198775686162,-572.9626496759159,301630
996.1128387849094,1017.2437588054598,963.8682482580283,-631.7999353878101,301664
1005.8254202539185,991.9355108631073,1043.435192045965,-558.1061071667762,301697
1000.6529579899283,975.1991851621672,1023.0128943008136,-794.187126983714,301730
992.1565686481545,1005.2719953784919,1042.1660257101742,-560.6039222301501,301764
998.582017241919,1023.3146371619722,964.1146229586805,-782.1494853268674,301797
985.2682406385233,1035.7014760924455,1000.2936012829994,-487.95154987449484,301830
1020.8724997556079,998.619447646688,1048.6491310252443,-350.8244928341715,301864
993.3060864432696,1004.1411826067931,1021.7852024765283,-252.48034581487923,301897
1021.7348040995118,1002.0136389297257,985.1629306871022,-246.30175383113226,301930
980.9242784692269,1000.7430319916573,1037.2113821891608,-467.0001649742903,301964
989.8737065080563,1004.4134732683553,1032.8373521780038,-423.8175058723927,301997
980.280900042637,1002.0076248697777,1022.9954346591369,-360.6527539815349,302030
1007.239336614586,953.250007756275,993.7247150002186,-565.796378346714,302064
999.3067571266779,1023.8532180502189,982.83551212088,-371.3008892757905,302097
1003.3559258895058,1035.3736212421347,991.4937896600602,-344.9855779269787,302130
1003.3328299862715,1028.5901775580032,986.4264390372499,-605.9855495009161,302164
1000.7214354172916,1024.7674473650814,972.0972173604861,-405.48106783236017,302197
1027.840722652654,996.8151378124769,1073.9781189577375,-1033.186734299062,302230
999.1041980539139,975.6736013028391,1034.3254603671126,-399.5709764694995,302264
1001.8919848785586,966.5174597491759,1029.346316199192,-328.18092363524573,302297
988.5226137610605,1002.9499530859908,1032.661609628246,-300.47598490120936,302330
1004.2285525030862,1047.150580494318,987.3267192422271,-390.26479790930205,302364
1058.656696006784,999.2244472202186,1030.6133906333719,-566.1660709385264,302397
996.2336179743726,1031.5987259272288,1011.7395950788484,-384.4751743092373,302430
1001.5679908409436,1027.1422754944663,976.0067875863699,-822.0866605101858,302464
1032.8150788211715,1000.4084983858795,974.913329481139,-724.2517688754712,302497
1011.0061000025162,974.1579149166544,998.408062097871,-341.1162407480355,302530
1019.8569698840662,1002.0073165906343,977.7723277854623,-336.54545786948916,302564
1018.9519113589647,958.7792999125777,999.0403871268554,-544.5663641737524,302597
1002.4305683263315,977.0050703765514,1039.7850739455725,-735.8823684686473,302630
1004.3197060754103,1029.7797241173794,987.5084062044132,-470.32167711271603,302664
1002.8493258759573,1036.686191048062,965.8369427600086,-843.4672523170237,302697
1001.2139645929494,1046.40431956295,957.206874191781,-332.35945695678987,302730
972.1368841095942,1014.8414578708489,997.8065129324204,-498.3619541394222,302764
1001.4951626651279,1031.6064797400581,992.4194593716592,-235.98694620042374,302797
1004.3105993647231,1059.156267979376,982.8758994841969,-482.5386834397101,302830
1009.1859974677491,1050.953785051418,991.4375093521357,-857.3388594115538,302864
1004.0119564654283,1034.1018639540666,989.7506009075669,-401.57469052222126,302897
998.0661201698879,1033.6439937090763,1008.0461246762846,-390.4098412639193,302930
1004.9389599792263,951.2922789553166,987.4628968464715,-185.98200947338572,302964
998.0884379517994,1056.5552517497606,1016.4537329951322,-420.72771070148195,302997
999.9214847771442,1029.6287078757491,958.7627443742274,-682.4631272023702,303030
999.9109789314853,974.6272151730874,1028.000952001905,-578.0957434011411,303064
1001.5204025087913,1050.214306439378,983.2542429355217,-590.0296835737281,303097
999.9261401448354,1015.5054813529108,988.2468068380444,-286.10946810110846,303130
999.3516050536142,1036.9455144799074,1018.0416996830271,-221.45507038931788,303164
1004.2508570002103,988.0432293110026,1034.3696178528012,-456.8183186166704,303197
988.2803473329403,1020.2623270623753,1002.7676171412184,-318.3515020612386,303230
967.4004436611975,1033.5451276589706,997.9081802205325,-659.8675803826039,303264
1033.142161675742,1005.9643837455143,985.6338885663795,-693.4847290972372,303297
1032.6794968866964,997.6986689152756,931.2212411666735,-923.2533309195815,303330
1022.782663576433,999.6675632889893,979.879231809235,-466.3598885993971,303364
1054.5885453578567,997.3926802061779,1016.1874202907569,-279.47818209309264,303397
1052.8941067362853,998.0530830871652,1019.2680428502448,-336.4905551435023,303430
1000.2485014873934,1014.8260469476003,976.7597581748789,-342.63925385413194,303464
992.987039914491,1009.5534955918052,1043.0752609471667,-498.085263425439,303497
998.6625870268289,1042.4064180917248,1010.55226886879,-144.46469647907745,303530
1046.1940546571655,1000.725778800253,971.9490814101534,-716.9371734010118,303564
1000.3903780734803,965.9353548638045,1028.7623698982325,-563.6492731434058,303597
999.8861828656293,1033.6743042621847,992.1096849983281,-201.0735264956072,303630
1000.7406211545486,1021.3296819369402,991.340685278374,-106.03614847390341,303664
1017.5431381562757,995.1743621533906,1057.4956264684974,-529.7260028293306,303697
996.6758001870975,1042.7708310227983,1012.4928038310038,-514.7699118648708,303730
1071.6603939681638,1000.1120572271582,1031.481417101609,-658.5212033123206,303764
998.8705451293027,1020.7998145420752,971.7631973456032,-403.8718236550784,303797
1003.203009451295,1024.8267267057718,991.7486740512466,-300.5401875510681,303830
1004.0909108224947,1023.7035509696841,988.8892946225646,-300.0331037731263,303864
1034.915597003377,1000.8484400388734,987.1625514485759,-304.7160617971062,303897
995.3427551506218,953.4851860411886,1013.8197826989078,-878.2387333911264,303930
1001.0536355493946,1051.589838033815,974.8782572635589,-776.8171576398322,303964
1003.5692341223113,965.268787811768,1046.535235909427,-725.6347538469274,303997
1011.7226264641981,999.1389311303062,1047.2640545726756,-350.52930040865704,304030
1030.893527116038,1008.6122034330953,986.4823658570016,-734.5885389021975,304064
1043.972247851662,1004.4772434552956,993.9605200511223,-281.57235141989327,304097
1001.6639336217573,1018.744260127972,986.7056010468581,-181.13317753423263,304130
975.6764045825967,1001.8637607885805,1046.542250381302,-697.8012379770055,304164
1004.5431814062799,1036.6372418446667,980.1924421213436,-461.75045760146384,304197
1018.8591510129583,998.8812747514347,1041.8814711856623,-443.31004905115424,304230
953.8899307572127,995.390187266394,1018.6177524264099,-718.1244505834594,304264
1037.4545773189302,954.6549742767365,1001.1570475849087,-1126.1191012616384,304297
997.9494236693863,1024.687468435838,980.2109061645318,-480.004973826914,304330
980.8099189207237,999.7147989068054,1023.3735534779667,-554.2945282197807,304364
1003.3621859886604,1028.803436266423,988.2801766250162,-303.552091819043,304397
998.9411508857097,1027.7268175729391,975.8616705250801,-436.67875553603625,304430
1002.7035169172794,1023.3877349699278,986.2508562910048,-184.06200093121345,304464
1001.4458505276388,1041.6251119104195,970.5073032274485,-405.9027712731152,304497
999.4149130900573,1024.1890813730136,978.6993346156269,-604.442163001901,304530
998.3809497167052,1039.569141519697,966.6441951411077,-480.70939877562404,304564
1020.8234081794853,985.9766347486008,999.8688970087287,-211.20359168659675,304597
1002.1730438075765,1033.8813982940856,983.5995669517097,-203.2771201906573,304630
996.875438388678,1052.1259430315365,1017.2470144790566,-467.85864891043406,304664
1002.1070085876972,1047.826798664741,983.4969926485533,-746.6385385915647,304697
1023.4340297977421,959.2694325714594,998.1792966203654,-799.0709140848816,304730
999.1639496489473,975.2480900985993,1029.3133963824603,-515.0102362675968,304764
1004.1948721614588,1031.1686444152647,989.2056867659129,-464.47787580130085,304797
1001.126168970382,987.086819985285,1016.5925565940825,-210.52502722746226,304830
1006.8275211687703,1040.0038461467343,991.8580097316351,-462.2524836931942,304864
1001.6436658457245,1035.057373903202,975.3337407329636,-251.25388656539238,304897
994.5808904552997,1043.638510987259,1010.0674194990587,-297.9838968143532,304930
1003.6673277135745,990.4797662370944,1022.0654979851064,-296.12419859003364,304964
1001.1989302936249,966.7553982264593,1034.4110077603673,-711.859774077348,304997
997.3017773415414,929.18297444583,1025.758439354653,-1150.3920336461845,305030
1001.7324129495553,957.0308249999056,1032.696470411321,-473.4198476639429,305064
1006.9621679597349,1030.23951729425,994.26474413534,-413.66851766785527,305097
998.3567291494537,1032.7731524322285,1010.1360188748799,-356.69459966611515,305130
1002.8840668925017,965.758769051568,1021.9271699979038,-356.84729118316505,305164
1004.5195714695326,1027.3864103890419,990.3519533651815,-311.8225677885228,305197
1008.5983711492884,998.2748011280861,978.5979766993186,-141.93861949087022,305230
996.6396592665811,1051.392944160667,1022.9825501479866,-443.83304768942105,305264
994.9439447575877,1059.832533941094,1013.9505316143956,-451.29244785233914,305297
1002.3059160599715,981.1618289127755,1034.8606746098912,-335.52168852881255,305330
936.456085462634,999.5784858360306,1025.6857078584458,-1177.69392973727,305364
980.8070362233923,1006.3484821287848,1054.942652469792,-719.6381115519748,305397
1003.118634201509,982.701040103047,1042.6207364137738,-750.7260162491721,305430
1000.8845337915376,974.5952967192952,1028.378630081078,-381.60181314765134,305464
998.7280496694347,1025.8647947784607,966.9214032174486,-738.8021749465646,305497
1003.0797409312809,1022.591868911176,983.0683612744576,-396.73342604744073,305530
999.8110992527801,1036.0142539071508,960.17394257499,-666.8869447392586,305564
990.0481060148342,1005.728051265776,1032.3376385659878,-400.59049152904436,305597
1038.426924369694,999.37206592173,983.0602191035389,-233.07474516754985,305630
980.8981463171093,1022.0728010215074,996.380882424841,-550.4715478336337,305664
1001.8933209290999,1024.3304980187647,987.79370074488,-204.552926644253,305697
1003.8273487395007,981.2878177954328,1019.0927341810032,-439.5378004051468,305730
1019.0488589737535,986.9081118171184,1000.1676102645827,-307.2626312367593,305764
975.2273326376934,999.4956650815583,1023.8395347349808,-584.9252018176219,305797
1007.1015282015306,990.9417652555262,1062.3624616862176,-788.1142808440985,305830
1039.3264728127087,997.5322626014246,1018.4109374870281,-371.4661413822733,305864
998.8671748794397,1027.8797272661768,943.2157759494908,-960.1015328717142,305897
993.1363829177545,1022.7161427694166,1003.0881432960218,-213.54641944543027,305930
1002.7090626979385,982.108329210501,1029.852765952123,-260.1414252360997,305964
964.515422375402,1032.799881871314,1000.527603179714,-597.1727875682423,305997
985.2843064187192,1002.406712368476,1019.5696851187793,-292.3081215647316,306030
959.8534682002183,1056.790956863702,1001.8438685486225,-1818.7427685922173,306064
975.7790956540343,997.4120979813488,1024.7311071605561,-365.06426069221516,306097
1028.4567944684763,987.9903098496476,1003.3971799043695,-495.3988305329749,306130
987.3021023255671,1033.9389849705087,1002.0630965520239,-211.69937575400527,306164
1048.3268530009132,1001.4332327779633,965.8740770564547,-990.9165496162033,306197
1027.1879088073417,1003.614209517778,983.6764263669586,-204.11632193298084,306230
999.3789489129201,975.2838924483585,1027.8585570819105,-342.8291650275315,306264
983.9051824644621,1008.2804059027684,995.1156807520008,-253.79764247960435,306297
1002.1655014518832,1033.3494084771132,969.386180253036,-477.86716489940596,306330
982.4736410567259,1036.891285044175,1005.20798727713,-593.127656451002,306364
1003.5026595965733,978.8861622572115,1035.914195035355,-691.269922448182,306397
954.8324460343815,997.8120317686445,1035.8772433619843,-1090.801147083796,306430
1004.4236573842511,983.4627036713264,1047.4197385647635,-739.3773495106869,306464
1005.0656088330795,1066.3817327767763,987.7622939844202,-310.4150398021481,306497
989.1304643342177,1011.263075582818,1045.9474174163825,-486.3399472585587,306530
992.8844057910376,1021.6713845061528,1002.9961258878204,-324.7015609212921,306564
1001.9539516409178,1038.0844282329958,982.9547696398436,-275.62689870354285,306597
978.0631506058301,1004.4129109692977,1038.0679168532279,-867.8716191702506,306630
1011.4365935794555,999.8430976305407,1037.2892557045022,-182.41295194427477,306664
1011.5569196039453,1046.6395072464938,995.852717017417,-678.0022221228181,306697
1002.6597052196613,974.4087050720075,1039.6382730039127,-604.2198676034625,306730
953.3311505047737,999.1437064784058,1042.5708609010708,-1029.5344142035776,306764
998.6212572860611,1048.1057521448297,1018.1789826218345,-298.7972930514618,306797
997.2485603389664,1080.291164455213,1012.3672177405841,-756.4787818615293,306830
1001.3719694884892,1041.203150206529,965.87059174612,-330.5021184178942,306864
1038.0363629748776,1000.6467664982267,981.3833219213999,-632.8803104066675,306897
1043.517433222733,1005.1345400754753,985.7474229664812,-714.830820548668,306930
1003.9349527037832,962.3354193470992,1051.8602568782603,-1296.950885959408,306964
1003.2195704446156,1025.7214543151222,985.3869420826809,-711.2379378249524,306997
999.9146466184208,1023.9531234680755,987.3324463636477,-462.2201342412467,307030
1012.0215906791097,1033.386937270738,995.4541982356886,-459.1894718926633,307064
999.9580938757227,982.4745602262731,1019.8516233001905,-302.53582948995296,307097
1002.7924385022925,1036.0534635745003,990.4993311834162,-224.2441150638541,307130
991.5104967132494,1050.432767958045,1008.222005216177,-447.1966446622848,307164
990.5052772846768,1022.265066449029,1002.6872335460945,-287.3895918277909,307197
1001.4726323313876,1024.3103409230241,982.2692010710211,-418.2932287826082,307230
1002.6163163039374,1024.1094496194605,984.7225692525553,-247.05254906810174,307264
1016.2929059248663,958.4305012148084,999.6657122185848,-318.5042945217674,307297
996.7228692239306,1013.1022494663342,979.1014759372898,-280.6154911767082,307330
1007.5193958942044,1042.7483354540595,995.9428287371819,-217.87429328416565,307364
1004.4740481126565,1050.0414053488998,988.6221391308459,-652.1852536760686,307397
987.1398163854294,1029.9940410695497,1000.3443650799128,-344.6581846109577,307430
1002.5950470249039,1030.1386434423641,961.1976903842414,-530.1860337464808,307464
997.2197444758972,1019.6195386152949,964.1350967590417,-1243.0438113693112,307497
1039.0372809495527,1004.8640915229488,989.8081589782037,-658.1686570662126,307530
969.1275392218263,999.9142449206308,1033.105028542597,-783.1619061558009,307564
996.7132112081867,1017.5152349930636,1054.7255567207992,-704.4788156976864,307597
1003.4526701038737,1059.1666535536322,970.102056486842,-302.3440596875921,307630
999.871065161546,1031.2840025181376,946.9878563107343,-460.1550830967139,307664
1016.1100839282052,1000.7063850284468,988.8864915408546,-179.8403408453249,307697
999.5047759823558,1020.6713311606957,984.7568494695448,-195.39580046961945,307730
974.891108140748,1003.0020800346275,1037.1513872140363,-574.911158840426,307764
1002.174962383257,1019.6168756358646,976.2086932364098,-299.2477482856601,307797
1009.148360785219,1052.2181332784567,989.935287511838,-650.6543967222568,307830
1026.3606564494014,1001.9182439162367,983.28115824516,-343.9235592725608,307864
1003.304383039214,1032.1694089290725,973.6842403982926,-233.7135046537961,307897
1042.9876823927393,1001.2371613252003,960.7755564730014,-1389.8102994910012,307930
1002.3356153699276,1035.861786355424,977.3218507738379,-235.8032299492477,307964
1001.5843765964255,1019.298354405345,986.3069755503204,-246.92436727966907,307997
1004.8614250929304,1042.9119509433133,977.8256676834471,-769.448720525432,308030
1008.8213762232614,1027.5480136518793,997.35189507117,-344.7390017635528,308064
1005.6009632522708,984.1491775051992,1043.9755744269116,-566.6217207808346,308097
1003.4936272620463,1044.0307854553575,968.9661644856501,-683.062740410885,308130
1000.6784321779425,1023.4515967807849,989.4362030975013,-175.74530029289608,308164
999.6665436069495,1020.2904618492249,986.5359525412935,-335.57933816285987,308197
1015.3865452410892,998.1014384736754,985.6066076041155,-197.52153921707742,308230
1003.0763839866487,974.4139486097101,1019.8915955256894,-134.39492102656456,308264
989.7091087927897,1004.3938955617382,1029.7577384996919,-226.44803180658752,308297
1008.3415750054602,1052.8941067362853,993.3309659945955,-311.6127785053295,308330
1021.9503230914345,998.7601664769742,977.7645762381844,-452.3140296458379,308364
1001.8093061563936,1036.616682288577,982.3767488950405,-825.2818107194024,308397
1001.1639255552445,966.8710360038425,1027.8689123180336,-641.03257907993,308430
990.4907254762127,940.1600927501656,1011.5240241888744,-1152.0471292059765,308464
1000.24859606739,1018.869074326866,966.7734998436811,-609.507553727336,308497
1026.7643687252053,1001.8877232765042,959.8610501493249,-759.2704190073233,308530
1001.7012414946611,963.5209184131863,1023.6584591231119,-434.5437037533344,308564
1025.2290407604828,1002.3523716445081,974.6249676664636,-605.9897337534145,308597
1001.20489317383,1035.9468357039282,975.2187337231289,-567.2925983080722,308630
1000.9239483586066,1019.7721559609025,987.6594638296586,-476.09697513591425,308664
1005.6581800409715,1067.6539701607446,983.7884529317171,-1037.9935963661053,308697
1000.0024780454028,1050.419440033361,974.1606051470299,-424.8729753613158,308730
983.1138675599258,1037.7959827943016,1005.2997888680892,-720.209539876053,308764
1030.3919463257162,1001.0011858709306,982.2046577136368,-146.21630748027803,308797
980.0992860762733,1004.7317051151784,1053.7158060881502,-830.5771344910952,308830
1001.9109169629239,1019.6565782101233,970.3576660180513,-506.45726924327363,308864
991.1871123275004,1020.2306223712733,1000.8660595989611,-266.3656829955505,308897
1020.6038463205293,1003.8402053156042,983.7111372222823,-291.0966868493132,308930
965.6945831850247,1002.7033011218141,1037.9672733908747,-518.7838739136445,308964
998.1244245716897,1053.9006330408765,1023.5107372669056,-456.18725791058966,308997
1002.1202428315266,1050.5263406396239,981.0531459617762,-412.49172903099947,309030
999.980882088888,1021.811124495605,986.5392458731064,-457.9619953392687,309064
1000.0323368820219,967.1447668265595,1015.2044898910776,-187.91488366385062,309097
1025.2583999994786,1001.3663393206117,965.6531468389672,-759.8521540494802,309130
1006.0358265604783,1031.0144765680047,995.553981023152,-225.4822727563217,309164
1001.4736627506934,978.6551857998244,1044.9540659761078,-180.59123145863876,309197
969.9862877543414,1050.2528180645065,999.577746192461,-625.1912338317262,309230
1020.9235153428915,1001.2409292023851,988.5235841108622,-257.48945899490883,309264
999.5473337213352,1065.6204765299885,970.040720794751,-612.7871079747044,309297
1002.7925111795001,1026.7473101150795,994.5597808336715,-150.531433239433,309330
980.0862206969344,1003.4891250686844,1056.5065073155015,-490.0621644066548,309364
996.5425528301622,1008.6799288324528,1032.2384967559074,-366.84107169093016,309397
1003.6809650504601,1023.3467179249794,987.3790880403969,-307.27270862535005,309430
1002.2524974685484,1046.4764689184367,985.7181121913352,-383.3296703256373,309464
1032.318716804411,983.5338826616742,1002.8695018108255,-489.5031922092973,309497
987.2857142962811,1028.635017875631,1000.618863740725,-151.48699461312535,309530
992.2534128894498,1031.2049963172883,1003.6876461426093,-267.57285970776604,309564
985.7931497876634,1005.3749080836085,1034.1629465417914,-508.6994815024939,309597
1002.7187431035694,980.0659538174413,1018.1462049311044,-297.3169448754155,309630
995.9126329866191,1022.1377210702034,959.8468627859341,-673.6704036532363,309664
999.5685022324005,1046.7480956786285,1022.2675428745142,-610.9635358713361,309697
991.692399276007,1028.6553880988138,1003.8929834269258,-362.01159721629125,309730
1000.7783089590694,1038.2605804278742,976.3324228970376,-420.02638047910204,309764
1000.2647581898158,1023.4798487976227,966.7233316725111,-490.5451789440875,309797
1001.3366534491512,1041.9987446435712,977.2069850202614,-844.126688719339,309830
996.8317344034215,1054.4557838050869,1011.4920053143493,-469.11888955663164,309864
1003.3403772032704,968.0281963842494,1045.1272649778111,-875.2826983606252,309897
1002.0961679795374,965.03559740739,1014.6327748782033,-422.6212522195676,309930
1003.7080879567856,1024.7409740561234,972.1676810098143,-454.56023350008826,309964
1021.3480575003435,1001.1452899359722,978.2488232534589,-551.1457577280729,309997
1004.4796220732574,1043.7547604681859,984.7289738198141,-685.2882747499824,310030
1004.8795136492629,983.2842244292553,1037.03278636695,-469.3585419237918,310064
1006.1548470976236,1053.5606294846064,979.7366993228334,-504.93126740726996,310097
1003.0013253454696,1026.1518371181223,976.9186250655681,-398.31780008375995,310130
1012.0834394698526,939.0420650854785,997.2831009349571,-527.0286886110645,310164
998.6624822942279,1017.269062158197,978.1916990038302,-535.7404582228496,310197
997.9574201785451,967.7937855632842,1017.3844513919595,-473.76461952946005,310230
999.4241359202418,1017.2677426217322,973.4495364424394,-323.66450720545635,310264
1002.552155138588,988.3499307044711,1029.8170072536323,-465.99806642153516,310297
1003.1612537401966,1045.1450613754155,973.6792690672244,-925.9512753526888,310330
984.7345153293805,1026.3500088910157,1001.4332167787418,-399.33512302194464,310364
1002.1305547100516,1031.8147805359527,979.0324270820238,-565.8093335194217,310397
1003.0494630256211,1056.9697252050316,986.2738822666537,-181.72972949694235,310430
971.802819715028,1025.0130516621334,999.3612065575501,-621.3231553398616,310464
995.6766859554724,969.4946849069454,1024.5426702860357,-417.3696558475878,310497
978.8808162465892,1003.4388347473156,1027.58600613282,-158.25914116552005,310530
1002.3989766617523,1026.9159546319108,981.8571649449187,-551.7585871775432,310564
1030.5095681179557,999.3460086494359,963.8858404130667,-514.3683152818161,310597
1017.7456690290622,964.9453817577337,1000.6796214369384,-438.3276156847973,310630
993.2268902738356,1032.481049785779,1005.3240212540718,-207.72860464968088,310664
997.5764606602606,1019.3101811679061,1054.7976109187962,-683.7253409206781,310697
1020.4155572362811,1000.4227190109737,985.332602730303,-462.933587996947,310730
1017.2859685013437,1073.8901247334384,997.0632146898124,-904.7505755860694,310764
1030.8358483275558,985.8493519303307,1001.9209812931872,-408.81436139606683,310797
995.4749566010972,1036.5497415662483,1008.9142165224831,-484.8115925208266,310830
1001.967850197207,1043.1536223407948,974.6780935379143,-484.5812095101335,310864
1018.0542200886805,981.4556375941552,997.0144541477184,-262.9448663106479,310897
1013.0913125321443,997.8348326751718,945.230130708919,-337.08358881899574,310930
984.7708252020412,1000.9860780808517,1012.016204121037,-151.13850773977396,310964
1003.2211779663879,980.3910283304843,1033.9100541149603,-440.34817471971274,310997
1006.0009713808747,1034.8021832622621,992.8485536024789,-713.845297645143,311030
1001.2715738269899,1033.6593109364344,979.7169165495721,-636.1249516630107,311064
1000.5156581747201,1044.136614538624,969.4436548866571,-500.89107332797107,311097
984.8131396634942,1021.6410256633734,1000.4275379996154,-417.8347372474351,311130
1020.194262309416,990.8423495264506,1005.7001535846678,-469.971463029871,311164
1004.3361510183935,1039.8892882437249,978.1322302894104,-617.4099322564648,311197
1001.1361243700125,953.7012110718954,1017.8248111520959,-384.68050810166625,311230
1004.6913866237072,963.8801792754118,1040.7016863635804,-463.04701785441944,311264
1000.0872252508267,1039.0784170445224,979.523588340378,-597.170257453417,311297
978.6301087850728,1001.7225778464486,1025.7817774673026,-632.1027660201178,311330
1002.7351455653376,1027.0570059271172,976.1338078653018,-499.3656358463451,311364
1001.4536144833165,1034.1167400706472,980.8855397566599,-469.04792148186465,311397
982.7127066335845,999.0165676925916,1016.7963001556806,-348.0353889762255,311430
1004.6915365920229,994.3407630812301,1040.7357974048937,-315.9891028162756,311464
1000.3477381747455,969.5852113507832,1025.442982580622,-435.5343035683098,311497
998.4840382644242,1018.3830288169207,982.4706842551377,-286.3369024284053,311530
1028.1623766146183,1000.353449968084,964.7471171244825,-694.9314087372121,311564
1002.9732089666685,1027.7143101387683,992.8935300129269,-285.7666569020693,311597
999.5354856654811,946.7275215182033,1032.681339883328,-1020.5055159734768,311630
998.2652388215131,1042.604910788358,1015.9318557889441,-306.54870722495133,311664
965.2538526211641,1003.4715920967523,1036.3158193106528,-878.7341971813407,311697
962.4816881374938,999.6915120084989,1024.9421563132341,-330.6030600539525,311730
976.7404629128979,1002.8617649193313,1037.2463545368573,-735.3575265143404,311764
1012.161194096828,999.5752331320921,979.0633278802756,-312.11891165367774,311797
1001.764707269805,1044.9304892861092,977.7643568947416,-645.9251167147797,311830
1003.9107338535939,1038.6341148192942,972.8566184181511,-439.450963083039,311864
1003.1598096981237,919.2127066136543,1038.3303905790294,-556.5468899399667,311897
1015.6685057855194,1000.1231660807766,1051.554088004987,-412.12477583866627,311930
1017.1158852398524,1000.9517275339637,987.5667748206077,-280.0889492157688,311964
999.9605156378839,1034.2645079856986,936.2579772690858,-727.4281900272065,311997
1026.620171911896,997.583488175167,964.9321219650634,-439.438810644003,312030
986.0767448558238,1028.1874011008808,999.7001598376529,-532.931455559564,312064
980.6604756814635,1001.1114523189266,1016.0729765094424,-117.81388924045501,312097
1035.4275326475877,1000.5231709099013,976.1746769917769,-662.0875747436272,312130
1000.6315014911842,1031.7119346235916,979.3089400184193,-330.6305477170215,312164
1001.3992168299749,1036.8929689343054,975.7259031498854,-468.16818163939394,312197
1021.9814169832737,995.5156500084887,969.542675698187,-675.2153387469028,312230
1003.74809774843,1031.480833827586,984.7221157581955,-301.4952132358172,312264
1010.0307976250671,984.565511608535,941.8136758403967,-1294.7142395216965,312297
1038.497068570654,1002.2516654384666,978.5859901654784,-565.6470798880413,312330
1003.5300136467961,956.2719970990497,986.8407215866087,-612.5345943282476,312364
1042.1641846168827,1003.2957101720676,985.4889451022682,-429.23365240372556,312397
1004.5065898818448,1049.1329754849153,973.3266453706517,-1105.6129307314025,312430
999.8411027644768,1021.8721233970449,980.3386804069887,-515.2893189779916,312464
1043.014167431469,999.4043739554252,947.3425990632956,-972.5582184192813,312497
1004.5225842523286,1031.9139837798527,986.7678948079459,-669.3245345997974,312530
1029.9432119433695,975.9239328794316,1001.8866652296658,-343.9696259162148,312564
1006.5912103311424,1083.9886564033059,969.8303305490531,-2174.0635441998734,312597
1005.6259240572041,1082.2266312044976,971.6406206773355,-2796.069834856858,312630
992.449182105849,1815.4087693960278,1053.9972413452083,-7157.09125850813,312664
1077.0887399188566,1868.6008134430424,995.1325306441161,-6181.6962384208655,312697
985.3876421864076,1276.4125508627687,1115.4414624143728,-18356.5165969782,312730
1493.6358324571622,987.4089478185354,1138.8773956006037,-28107.67058467222,312764
1024.4944616403536,1371.6542831426339,743.129867519803,-32338.329960082676,312797
995.0694309788191,1374.1637457013628,1158.879941643523,-16499.226271598676,312830
1044.108114661244,1348.4628052880005,886.6357515473205,-21636.970304656577,312864
1005.4030352515045,638.1958946906506,1281.2546093422106,-53117.829270483635,312897
973.4101707110144,1060.1820831274295,1224.330835289898,-16656.142720248048,312930
1129.504173346483,934.8913818209516,1323.521439191674,-35797.87212947633,312964
1223.112652238708,1017.9506943592402,876.383802294733,-18528.404340580943,312997
1048.3037213629184,921.9982502766528,1267.2368739609876,-25052.150391300387,313030
1347.3625664584447,940.1568339453464,1058.7484467506395,-53097.59563922515,313064
914.0775856512826,1113.840407226201,998.3547283026445,-14248.550366395979,313097
1006.0888182682135,823.6492957870153,1091.052306210811,-20143.70404825883,313130
871.6358020739617,1124.9569940324056,1001.6385933597297,-31517.553140482643,313164
1023.5540146893486,906.4477663524757,1156.3686407476162,-19274.634427395507,313197
1026.9323742850352,891.5895326428938,1113.2268309413412,-23011.99082375515,313230
1061.0882844479736,801.9852110857511,969.4084842136891,-24165.41438439178,313264
1019.2624891975668,852.5270593603857,1111.792961951378,-13927.712870149328,313297
1041.2774924572718,888.9296979492248,1281.456637539026,-32068.00285492059,1604684
1030.1108025992335,874.8830498180259,1334.632570811436,-61018.5716520765,1604717
1046.3375681858913,1356.9983188853782,911.3927966582883,-44169.56264292284,1604751
1037.3144052355817,1164.227226692626,1348.8810124520332,-20766.553721196058,1604784
998.9810877191153,1754.8780584416684,1302.5168805262645,-107059.76438678564,1604817
1601.820731305696,950.7414959353018,1241.8537266170426,-47525.341554410625,1604851
1006.5717658512222,1292.7059364945437,832.2418211315394,-58198.43279851257,1604884
1039.0935762231195,952.4474109630042,787.983362922937,-20142.7239253451,1604917
1016.0472476376899,828.0885884206389,929.5582657384988,-7528.545030990186,1604951
1028.9651995665067,824.1955230222959,936.3780292899719,-10889.217202571534,1604984
953.6528586770116,844.6512004654124,1039.3427921881791,-17960.44618052424,1605017
991.7483233123013,1097.8606027065296,775.8350340117414,-19164.283379052365,1605051
1096.0571767127058,984.6247302425787,894.1615987498876,-12658.08238567405,1605084
1022.2088260788523,1129.495560777327,936.9107761327914,-14189.315925962837,1605117
1057.4879547277553,916.8199372627405,1207.5936914395925,-25652.31612377983,1605151
992.8644057714605,1261.6455177235148,1096.215538273625,-12041.311117804344,1605184
898.5978098059553,1193.3579174558863,1011.7002804473092,-30311.863938438837,1605217
2127.247282287605,974.2278169293434,1081.0748967253846,-8844.852510964512,1605251
908.6136755083857,1092.614212320719,1400.4249355106472,-63192.7906765614,1605284
982.9474419287576,849.2887617416956,1056.0756753712637,-11805.089712530094,1605317
1036.4279972466888,1470.9154844451186,908.8538225484211,-28844.53471192759,1605351
954.5631827601873,829.6559871949244,1055.399102887993,-12917.725007999898,1605384
1019.1908053090016,917.1360862982767,705.7237419840712,-15795.910290961061,1605417
1135.6437849001345,947.3727144205884,754.0625019604146,-52504.66125884951,1605451
1051.8221180820594,857.9208597572824,1366.657601595952,-42583.8775802831,1605484
836.0639114121161,1015.9989562239415,1317.3628960920373,-20058.84444274479,1605517
978.8733689490624,717.9839831082585,1085.2812022527494,-8466.620281776251,1605551
998.9353511013217,1204.6253279910843,843.184693169791,-41826.47514269957,1605584
1048.1362312306157,1497.8120709888808,770.8076718281402,-71333.88853282203,1605617
1013.0473814045127,1456.3749168043225,603.7052260830611,-72965.341463124,1605651
1319.0447357208877,987.4894862735387,1179.9758126372903,-22147.3075066304,1605684
1063.1460090350715,1445.193350783778,955.3710295145884,-46460.30625139212,1605717
1364.9857142109583,1006.0715925130875,822.0812149681905,-17520.836847432332,1605751
1007.4721867824367,867.7014631967921,1147.843194865919,-7416.026616217748,1605784
962.247178956608,1382.459402658899,1039.392475111707,-11783.911488514848,1605817
1005.9919977771264,1475.9017582481565,1081.9361319053548,-9527.930402962145,1605851
956.6336173221664,1015.9571730980324,792.3156864517249,-7245.349498367668,1605884
1000.161730915946,625.9345013657579,824.1610774669135,-19522.6929229966,1605917
1052.0470440311751,645.2221838588785,979.4839938847508,-18623.704151290145,1605951
1002.4091724549195,1063.9563927583154,933.936993626696,-6318.752802917759,1605984
1014.8693981553666,1096.5796868162392,962.8532295535351,-5734.432703414588,1606017
992.0408101185109,862.6407131593082,1047.014091276492,-3881.773936394295,1606051
1013.2040969410057,961.1303609333985,1080.2170843314705,-1879.4266745113841,1606084
1017.6977253488816,1124.380081094546,956.7802325516224,-4250.457705980832,1606117
1028.162749996047,1112.3764785617993,978.5919777184099,-4836.462920456865,1606151
1047.6577614637993,663.9563238647554,992.507954673163,-2786.67332825011,1606184
1047.2115140526796,924.1763900901169,991.9710954644902,-3947.6818072652577,1606217
920.7990057985343,997.592644061886,1061.8320439604179,-5991.869153970316,1606251
930.4707420835844,1009.163500327938,975.4858367013461,-2636.801569189298,1606284
1007.376542819679,1137.6628629023899,935.0943550063284,-5317.619453385682,1606317
1006.9550011297641,1076.12909243574,927.745639635937,-4827.421361052443,1606351
1063.5639848877108,1001.5008194749296,849.1301431465026,-6043.33615931133,1606384
996.353720688619,1147.1880057937733,1036.458892042881,-2878.5536815378077,1606417
984.1429946912672,1249.837189397083,1040.6081963959339,-5599.567969052633,1606451
977.66106397431,1086.4552861924903,1180.5562248364115,-8977.861176624985,1606484
992.8341932169288,1096.295643169744,863.3909890657882,-11758.167664845549,1606517
993.0119200106349,897.22765311171,1057.9597624977805,-4296.491230955398,1606551
1026.746826717886,563.4021654200487,792.6020439034963,-19106.35354651903,1606584
1009.2213177784233,792.8341566809543,1076.2664941422536,-3519.3835043788804,1606617
1002.1883428957196,1087.1591090468316,904.5949369745555,-4002.972964106497,1606651
1002.064558440964,1107.3558940181467,886.396638080267,-5080.917281248075,1606684
998.1252128687473,1198.9666384015861,1094.4907491614536,-4403.8321000484875,1606717
997.7006773942671,1501.0316452360357,1121.942066240499,-6259.016578288281,1606751
1024.2227075631715,1105.9823687563921,995.965283431915,-960.8418844234889,1606784
1010.4833739205351,1178.061543383876,914.2532471913895,-3054.9144224087636,1606817
963.728525670303,1039.0494551778413,999.3702928733165,-2641.2766796002966,1606851
998.9759880761044,778.6128691461502,944.8811275330285,-3369.9878796470653,1606884
982.1794263389879,653.4232931262858,1028.3997089472364,-3279.009628718512,1606917
1002.215130177611,748.3214549911021,1139.1637283551474,-4306.659803039821,1606951
1025.1066473746705,1086.2915564404516,1000.8375448893697,-1260.4406784090827,1606984
1007.0835870661513,1119.3587449964377,1042.7279619899477,-2087.7244188698605,1607017
1028.007596213086,985.9707534215605,1008.1931602243703,-909.4659678261098,1607051
947.819885034764,999.9662560681904,1076.193755789356,-2424.2584899330564,1607084
995.4812049842902,956.556677327714,1042.986618040029,-3106.9791848937593,1607117
901.8842297844626,998.9418876481849,814.0374684251334,-3199.0384566300595,1607151
1007.9591094999286,1333.1481538073704,929.3475260363286,-5760.988189754312,1607184
1005.2119761121905,1045.359615402038,968.774767624576,-1156.0451684046218,1607217
1023.10360315768,876.5899839719822,992.9752026407986,-784.325698819646,1607251
1025.2063001585586,967.017634748792,997.7302096503304,-912.0842338524031,1607284
990.4719023790625,1060.8343024318974,1010.7560452758587,-1542.5583190084085,1607317
983.5674943624442,1120.4918562845514,1015.8050138557071,-1680.4686319612279,1607351
1025.276263820728,988.6645941190247,1086.6066445591064,-1679.1175836861398,1607384
995.8678434175775,1137.1939148623685,1026.474554821873,-2336.325984421481,1607417
1052.8261274450308,1015.1666232043101,989.2180447615409,-846.6199675390332,1607451
997.8721256313487,1027.6650685940149,920.6443395796229,-1066.7428380318513,1607484
1020.7564467226653,895.1971849821691,995.1839556004337,-1202.0914426212566,1607517
1001.9596633364065,865.9260938440416,959.1554013519784,-1530.6617229839242,1607551
994.2363727223915,793.0725061430386,1018.6872469339971,-1026.5584501734102,1607584
1001.4057644868284,955.784664517894,1031.3947906146132,-962.8601615181817,1607617
996.0884037384799,1216.8134614639994,1033.3431767987345,-1455.3401432230949,1607651
999.6185476214539,1032.989627051155,1096.0095802500998,-1507.7310747093986,1607684
994.2080701061668,1037.088561095732,1009.2881868805864,-434.3625983956295,1607717
993.0606038075047,1009.2961238257257,1035.1001145944674,-397.60943902685847,1607751
996.3928147905945,920.8039965160881,1027.9918047312533,-1222.8518202568705,1607784
995.4173093103899,888.3203251080097,1022.9865861142727,-865.9620989624714,1607817
995.7705837436356,919.420469643786,1031.2064696336893,-1110.9855671787702,1607851
1001.6250051298177,865.3259501482664,1059.2638953537498,-1657.8873816977214,1607884
1021.2597110657299,998.6979108517926,978.0516936778947,-348.4094395558896,1607917
1004.6062088375318,1107.619519510197,971.900200637905,-727.1123111397417,1607951
997.2199477772996,1081.082790539189,1017.0618657566423,-732.992731333252,1607984
971.6489201446536,1000.1028826481958,1036.8657084407366,-680.7252489864319,1608017
1001.5088276697514,974.130292503293,1027.6617118960344,-362.9754554424286,1608051
1005.1965868692147,941.0621658530323,1049.661850311804,-829.5044507390494,1608084
1061.4381753074458,986.8705757794004,1004.8620838006195,-545.2587029406391,1608117
1001.7043432446214,1035.6395830065374,993.0193028442491,-234.29756877842382,1608151
1029.9932469161315,1000.5531488458984,961.0499466729084,-644.4899361857883,1608184
1015.528604978529,997.6716190162547,1033.5114900183742,-300.04472491222964,1608217
1031.787075780287,1001.9982691119809,985.9624510581604,-432.30429179962374,1608251
944.7819854336766,1009.9812963507594,978.0355658949265,-679.0169704950206,1608284
1036.7637174957672,1002.7155477963742,978.5252207705191,-276.9973983239112,1608317
993.2759218478425,1055.3392819373303,1013.1760707483088,-730.9856739760284,1608351
990.2875885658119,1023.5940049999383,1002.8783411869663,-317.83967605899477,1608384
1000.5515090485102,1030.561473202908,975.342562587754,-425.00399819936075,1608417
1000.7080692505696,1016.8652019734253,1047.2301561738948,-233.80468820256468,1608451
999.4039571702505,1024.6558491035235,980.0826495760447,-222.59790863536165,1608484
1001.6546949435648,1028.693918186759,983.9347424705529,-518.4567100832298,1608517
1000.4377175714897,972.0517979949574,1035.0694938991192,-873.2975069847619,1608551
996.54350831667,1035.2249630416004,1012.3832349271227,-422.8042706327991,1608584
998.0731070625978,1030.73420434174,1013.3578681610685,-213.88476439424875,1608617
1039.5044933216252,986.1060374445584,1006.3222511337871,-679.973162502463,1608651
1024.87708595636,990.2213871050266,1007.5047665765948,-363.24789115729436,1608684
1005.2511857093008,982.8579825930643,1030.1193416432623,-284.69688076528985,1608717
997.3870387409962,1029.7403149934619,1010.3705996682748,-392.6672730819052,1608751
1012.5406441829914,1059.5343878866465,991.6216870888303,-381.83423232833314,1608784
1001.3145351982484,1027.101143502872,974.936921036433,-670.1816682445645,1608817
981.6297614881444,1001.585858571596,1028.0399304948075,-579.660552199564,1608851
1008.9213216529907,1066.62739072037,976.8933104372275,-1131.5259619135054,1608884
1025.7878068813839,1076.001297834529,995.5555539684899,-1502.0684646851475,1608917
1004.53341894593,1045.163217597882,1098.1748494661495,-2160.63003129448,1608951
999.2874491472102,1063.0900933207583,963.6767429609795,-1623.2465460124497,1608984
993.6666953897937,1448.6738763434646,752.1715229919304,-11888.978623775523,1609017
999.7924424288204,845.2662302493812,1048.3873937553412,-1504.6820385451265,1609051
1002.3633328763253,1029.0653845366328,977.6730092301448,-405.72940030348195,1609084
999.4815902301401,1027.9873105714755,979.0681612864787,-701.8287388064643,1609117
1001.705364904926,966.0483916123248,1025.0813485347164,-707.6779128013171,1609151
976.7056463673604,1028.4234837146576,997.3073660216141,-633.7118200965642,1609184
971.2715280826353,1013.0430524545291,998.2161289911488,-336.1452374317022,1609217
999.6108280293074,1029.6688788149324,991.3150432017843,-81.9357454113435,1609251
995.1533492061601,1226.710234733533,1046.6601991950486,-3043.405170872706,1609284
996.5993719847733,1038.249850563243,962.4059822813455,-595.3593553274096,1609317
1022.9284413315033,998.1067188345053,1045.5473403760052,-801.9118999074464,1609351
1005.8066546339849,1122.237497145769,976.5420479365443,-1229.5677636025507,1609384
1002.9205962099684,1052.02902774142,961.6916049311524,-1961.695962874049,1609417
982.893288305308,1059.8795654935432,1003.535478752635,-1070.1820473052726,1609451
1000.8657239489185,1036.459851704118,965.2488426801355,-647.7955912139965,1609484
977.0855295667468,1027.9842947236245,1001.3396856284917,-663.3366606722108,1609517
997.5785253209335,1084.2621462688944,1028.5323541974851,-1352.950548241645,1609551
997.3307990211407,1094.0333632938257,1017.0004229008211,-842.334831983701,1609584
995.0179231256241,944.3352159058774,1024.418878686436,-1489.5032097672256,1609617
994.3534515369844,923.7880905105408,1038.368434068007,-1596.67892192017,1609651
999.3871170668807,972.9681680552593,1034.4632481809288,-704.8082486275126,1609684
969.2306003907213,1007.0116712904962,1082.1635735876532,-1136.1551784250516,1609717
1010.2583605537309,1061.1775207172907,976.8415075167852,-1622.5139848882993,1609751
1061.46850962082,1006.4666969565459,1129.8734442405485,-2325.2642586304123,1609784
1027.1483314800969,1104.6778921430491,975.6659916159657,-2664.187146209105,1609817
956.5458196335729,1107.1640423659182,1006.4251597597987,-3614.30986419628,1609851
1068.4922739118626,980.7405442773562,911.5224627396551,-4087.214530146326,1609884
1055.0862968617419,983.1061196358608,817.2722924460367,-5100.00893797761,1609917
997.2007024933325,934.959858181358,1041.269268995456,-4169.013216224575,1609951
990.9783076710519,1092.1325888723131,1192.8063547785114,-7113.149674193597,1609984
988.2955447719872,1070.8089512809665,809.3583878604088,-6325.837448478094,1610017
1021.3078057574415,1146.1083249497397,959.4183515420129,-15008.08497606245,1610051
918.714155837283,996.7492043586277,1058.2150029591076,-4969.865881827314,1610084
949.1447212026796,1478.0436394098788,1011.6523875800424,-7931.6611204086485,1610784
948.8792236065894,1033.7851741175282,985.8093201904636,-2284.375385943331,1610817
989.2184799650324,1048.6227645481868,1172.110916253236,-6706.47486459413,1610851
997.584322539926,1072.464258312364,1027.6035027324501,-1550.4826056615611,1610884
991.5234870562886,1129.0029110475152,1031.4806373370523,-1786.419410867174,1610917
1038.4456355151951,1237.0877090974593,970.4388281126377,-7746.4816870599025,1610951
1050.3162157558681,942.3017192522012,989.5373045385838,-4950.103702752649,1610984
993.5690337209095,1031.0588551764715,957.265546249052,-1174.8095516165881,1611017
991.9841738667733,1030.2092913905142,1066.8330929806411,-1140.3894214895079,1611051
1002.2022143507296,899.3091793148783,1070.963299247332,-3072.6034869651303,1611084
985.3659165055246,815.7334123351819,1064.2796852400706,-7896.122822687468,1611117
989.3065283002576,913.6449595488019,1067.158250288292,-5553.72504387534,1611151
971.3700737110076,1033.7683701922192,817.0691525201523,-5275.029154427642,1611184
985.6297525564927,746.2392377783415,1013.5767035177189,-1109.0648172232204,1611217
1005.1005102973842,766.531147442816,1060.423426655862,-1485.038997575275,1611251
1058.6329355347375,992.3765046751914,1017.0933137700414,-1342.2974063457964,1611284
992.5542177186295,2888.666128163655,1023.1014812905448,-1180.214255726308,1611317
1019.7676336996271,1475.788602747697,980.0749541420289,-2117.4869186396522,1611351
978.7452578301741,1012.6408870813358,1103.5678502022429,-1277.5124136249683,1611384
1017.93861732152,988.5676625733148,1064.8122662822914,-817.325755076821,1611417
1104.8026973174894,836.9593777478092,997.0992021104217,-2039.5361106437397,1611451
1027.2011323622291,852.1983337228488,990.5920684878478,-2606.186683230347,1611484
1003.8227434533678,859.8651056997254,1067.4408582421213,-2070.7247454513367,1611517
1002.690555419058,879.619235806039,1076.4602395596817,-3968.858822388825,1611551
997.7955844701371,771.9339349970306,1154.5128842936315,-6549.602566565366,1611584
977.0063377032338,879.114549028442,1012.5852725299147,-3708.5432078650438,1611617
1000.2414959192828,829.2177036219138,945.4295857829853,-3503.0930725044614,1611651
967.8514073016297,998.6833954781479,1033.2984900534836,-907.340119681781,1611684
1003.9183071317935,1034.302382739123,971.151017813924,-1101.7194883346328,1611717
1042.6401456420276,1192.1476418632049,1000.6479917691522,-1386.6690342746447,1611751
1043.9449868615282,1002.7749706567968,1173.786181550967,-2166.8919111766904,1611784
976.0988558599206,1006.7523922132976,1041.7884978333893,-1178.156464093226,1611817
987.2757731580595,1025.619849381936,1005.0249806467275,-314.850560033916,1611851
995.2805395642073,1017.117724640207,955.9423415233349,-542.8652203792077,1611884
1021.6422613486294,982.9917793478793,1000.2685024475837,-286.6290571644526,1611917
1000.1202550365647,1077.8738330621075,1028.0386519448211,-1195.2959095851725,1611951
1013.0281806576961,992.0137494083997,1056.2397913785007,-1047.5736724001813,1611984
993.332863549675,1055.3936950800748,1013.2547730148522,-572.67581765534,1612017
1034.341033525397,993.778737554626,963.8423107542021,-651.9229275668157,1612051
997.615399409799,931.985098300583,1045.249252570888,-1441.246276857927,1612084
979.639547446689,926.687110086247,1004.7546813407986,-1707.0886297356824,1612117
1017.4295898218895,826.9044684847216,999.0676664803813,-485.8947473490198,1612151
998.165928329387,847.3234329345554,1026.6147011017379,-1786.0726322759283,1612184
1010.9140491423109,720.5372995202955,980.6537806710904,-1826.9103268608374,1612217
999.4877683929117,644.3562679139545,1038.1241157909194,-940.2512550895697,1612251
1006.0193584983705,1033.4865930790831,989.9601794401116,-539.3852012083285,1612284
991.6885628118264,1932.44146095037,1018.0012893458229,-663.3988353816258,1612317
1011.2304068548709,1241.1845148889024,991.4966068069708,-858.621534506271,1612351
1007.5476193498602,1034.0435001097999,986.3015737540406,-315.26049472580286,1612384
1016.8632288764499,951.262522031444,995.5277015739638,-820.4557413050424,1612417
999.7286521179415,841.9186421501784,1036.5747830174923,-999.526172248678,1612451
1017.4768310368794,847.6166586376179,994.0285655386763,-889.6004469632347,1612484
993.3241348970251,1036.6067464306266,1008.8720310091029,-448.49902654932475,1612517
1004.5381031128123,1073.4938285803044,963.7395913834815,-1325.7915231797706,1612551
1001.987469094685,1024.6597648273,989.0402897976209,-418.3256553878466,1612584
1004.2855609192131,989.4262317388808,1030.4818862951086,-326.43293297467517,1612617
946.0512671097692,1002.0114408949744,1050.9410069076189,-1261.012418081344,1612651
967.8423593088489,1000.012010200895,1025.5979151979495,-295.9211857802466,1612684
998.613243844836,977.2190747883719,1028.0420953503858,-361.3120311510527,1612717
1022.9214658547887,974.2628664836504,1001.5109673459693,-665.255613490297,1612751
1002.0588916663556,975.2073929402598,1037.8534216283538,-677.3635267006609,1612784
1013.3865150607429,994.91173101474,966.0465827277689,-622.5775653280813,1612817
988.3727889653455,1012.0034778134586,1003.2899004777905,-201.03763883863178,1612851
997.0601806736925,943.2555327163473,1025.987911366322,-1193.3705698423496,1612884
1026.6921045189824,997.309148410953,956.0277192634113,-856.657482421861,1612917
1004.0148375524656,1029.234407300507,993.7559294758645,-276.0154400954467,1612951
1033.1261476169702,1008.550532621786,994.255631861467,-292.4885675903963,1612984
995.1250845537711,1017.0894525905416,1047.28362920462,-669.9293894158983,1613017
1049.947141526658,1003.2685976547295,977.5415583080622,-844.5760401524388,1613051
962.0283308864987,1024.5286595553769,998.6041896057603,-498.45591251096056,1613084
990.024044221619,1036.797394491643,1001.1451674612092,-141.467887636851,1613117
1011.8008404090983,999.9067864715994,1031.8843989902198,-118.59531134847306,1613151
988.0394154457852,1027.140062775846,1001.5697807902982,-352.95697588825084,1613184
997.6679100687096,1023.1200674478431,1040.160564528381,-281.29101977434954,1613217
1002.5556012875467,1036.8029857910383,958.1821329997758,-667.5995601293375,1613251
1021.3114935184516,1002.104954435872,989.3049111076014,-125.30823523250837,1613284
997.741801903355,1019.4748735620077,1055.324594615325,-749.5073429380467,1613317
1000.0379564771233,1030.7834999980896,978.3470337053527,-1039.2293654694936,1613351
1001.9871894384804,985.3912939348119,1023.3884183756775,-310.9494974249893,1613384
1006.2428791421125,1046.7903323970852,977.0408734230398,-742.7496067832101,1613417
983.060876403338,1000.4351808235367,1047.9265241418407,-277.4631877085409,1613451
1013.0415323953121,961.7525669318486,995.2354440380484,-497.26293821460195,1613484
1001.2807652249323,1037.2928400000346,979.9282432132101,-339.16372485561146,1613517
998.6611449394841,1020.4324046667053,1053.985768404868,-391.13357628096685,1613551
1004.7159293933507,1039.9062284915303,986.6317173855139,-718.501117241539,1613584
1031.3118755613286,1002.5131550277489,983.7087105866048,-697.346699866195,1613617
991.2304648873626,1036.6338766434178,1006.1752790480499,-592.7247728114123,1613651
1005.0648450217357,1060.7629329873853,979.8726746662297,-652.5119445598133,1613684
1000.7947453524928,1023.8411777328268,989.4681104359618,-209.65753775415314,1613717
1027.973835929413,997.1318885711265,963.6332289828947,-484.5436186571255,1613751
1013.5043719098301,998.6646534609246,1035.840721346675,-232.51806790735532,1613784
1041.0014409211929,985.2168372333558,1006.6851772664124,-347.62712062362,1614784
988.9049105363623,1002.6290934770827,1028.0730449711627,-411.30321644343553,1614817
1024.5443086503246,997.5461474681898,966.4135494305367,-996.3781167823116,1614851
1015.2504878740901,999.2395003262615,985.9303806086955,-331.43015357631305,1614884
992.8352775085422,1044.2786984325592,1007.8922386073287,-377.29412089790753,1614917
1029.5023051799928,996.4794568959871,971.7645737195812,-495.8492415060102,1614951
1000.6711927169291,979.1272753676004,1028.34091442012,-589.0680841034033,1614984
1004.0630396807144,1035.0293522128468,988.3815052903408,-189.84062832236972,1615017
1016.6474888060804,977.6841270177102,999.2231426617426,-509.550207832406,1615051
999.5493407710666,1018.5680255879723,975.8980479537809,-285.03989036093975,1615084
999.9217729685697,1032.102501834076,982.5924145348748,-419.2194885691314,1615117
1009.8424326612242,987.1462937322626,999.1056030878478,-125.90936380254308,1615151
997.9451636388626,1021.2254993733659,977.084338488507,-458.8123774680402,1615184
1004.7118175400462,1042.6601683604586,987.7844944421718,-617.0960528488562,1615217
998.0737695532085,1031.2712591434376,1063.3371995749985,-837.9370174513264,1615251
1040.6139975435676,992.2772402905534,1007.862092998793,-428.1755149815709,1615284
987.8409106965646,1035.3894561490597,1005.5958413040285,-214.7283278706202,1615317
1029.3628626855361,979.1760178513086,1002.5629432557826,-549.9462101161771,1615351
1045.5324002631387,988.5476582036528,1005.0614696051717,-831.3158862397074,1615384
979.7770154479028,1001.7461804251807,1026.8906016475344,-299.05454222884254,1615417
1003.0906823825287,1031.5118094650145,991.1012528947618,-272.8290836841444,1615451
982.6629994027824,1001.5226522579258,1041.1943541353862,-622.0698041230634,1615484
996.7774292331494,1025.7766584061603,969.3384341910725,-939.8010589966742,1615517
1005.31009884524,1036.8192151696403,991.594945253616,-446.5992853794738,1615551
1003.2810112857678,1034.3359131283826,988.328941722883,-166.17337152595917,1615584
1002.3656958551434,1033.1376138309079,988.6547215197066,-576.3155029342623,1615617
963.125598030472,1025.943653947686,996.5786778308234,-1206.349432951759,1615651
998.8393283034213,1025.24928598077,990.9656659735764,-98.86634327966111,1615684
1002.4947318569526,978.9299491227547,1035.18762849302,-590.0503511806018,1615717
999.6074505935015,1034.6234136157238,983.101389212382,-449.86529063541633,1615751
999.8799957872,1028.0690638279123,980.456499102405,-217.02905536785582,1615784
1003.5655668419174,965.4093494403878,1043.6206207238338,-910.5656665688209,1615817
988.1137899025581,1042.9415856723595,1003.2645771194337,-773.0333557803575,1615851
983.0632252759946,1022.533421815011,1001.0157790309584,-485.390454165761,1615884
978.3357276098693,1003.4662832224046,1028.0991468095335,-573.5036991622713,1615917
1022.2806038888086,974.714387989842,997.231458959392,-354.4143083211603,1615951
983.6978687463702,1028.711865017893,1004.0015137762383,-553.4129884317289,1615984
1033.8340601732777,981.5669050686391,1003.6998276486894,-648.9553747202324,1616017
1036.309628561804,1000.0567827700336,979.9509199193359,-443.03474008277044,1616051
969.9302419975384,1025.5643262825884,1001.071947435498,-523.6059215080234,1616084
986.429521389992,1043.8745342236039,1004.973414344508,-544.4755275704753,1616117
1026.4609101178671,1003.0147717825187,1049.0953245534936,-284.1462048683679,1616151
988.1132040205741,1033.4045478897924,1002.2419753431966,-688.784284395984,1616184
976.3705714584391,1040.4762520650656,1002.9949114831275,-982.1422755188736,1616217
998.7749006918066,976.8711585045496,1021.5915863956935,-166.046409341109,1616251
1000.5119485142682,1030.4203523039648,988.6621308091668,-138.37523416772206,1616284
1032.165653017393,1001.3464345064436,984.5626418964689,-500.8411214529741,1616317
1019.749803177919,993.4130024504938,1003.927608682107,-210.40184680995768,1616351
1002.8914034584074,1030.5673299160114,984.9974262118278,-386.80462297310936,1616384
978.365260862113,1033.026070210361,998.05202822811,-327.89660496879736,1616417
1007.0574738523146,989.5138221924607,1025.09120716108,-563.8170036573484,1616451
1004.9314615121735,1030.2394584666176,994.8518721769676,-279.88705974613015,1616484
1008.098033526562,1047.6282737688975,996.2734292853569,-330.51639911191046,1616517
1000.1759926985258,980.720436118919,1032.121559652698,-243.71321021865452,1616551
1001.5015641756855,1033.9112613955122,990.2053071521443,-120.30634283233496,1616584
984.2229216471846,1005.0001934540983,1034.3500374631403,-454.31409365014974,1616617
1021.5044614738589,1002.3845410943986,989.9247611755651,-165.06669733740662,1616651
1004.3513615667098,1023.0568255332485,985.5800397963894,-407.57584530203223,1616684
981.5854820252099,1001.8540935379438,1027.9289639072022,-445.7125266557847,1616717
1005.0635140122653,983.808696697343,1041.3766565128567,-338.3242627196778,1616750
1026.4108117981932,999.7030949985673,978.979379304936,-213.7558878552674,1616784
1004.1940236709673,1032.3361011669515,988.3702336066603,-409.26497762031966,1616817
998.0043228892303,1020.8966271692614,980.9503402724864,-408.234605248675,1616850
1001.9479503807238,1036.2548351355308,984.7479738190942,-315.5928318873733,1616884
988.0796543295894,1036.4772066958346,1004.2313797118575,-332.6042176873527,1616917
1019.9314130701736,1003.306095622368,983.7300820725842,-286.6866516461329,1616950
990.8806336056203,1007.1096231480404,1041.1748172137088,-493.00830087813534,1616984
1003.4001370046757,1061.9609220682275,975.7824498165543,-1375.812597987533,1617017
1001.4263325606674,1040.3040363375608,972.7136075055369,-515.1049557842116,1617050
1019.6447191567756,992.5313244578543,1006.3704800955388,-345.4807268858425,1617084
1023.475292219556,1000.9248086511559,977.6838743597558,-244.26397519517434,1617117
1000.7998340753893,1039.8601216252473,994.1232457501337,-102.94523520789012,1617150
999.6113898463663,949.2676124254951,1033.0797556028372,-795.3378895717541,1617184
998.4020909017897,1040.063606267543,1013.3187575263246,-505.59048370284506,1617217
1000.4466691281658,979.3292623750395,1024.0427746870862,-483.6630793860203,1617250
1002.1152589422118,1024.8182364570096,979.8923170646588,-455.5007677271219,1617284
975.7628366314852,1001.2505488232486,1034.1355229186224,-1284.2054715502304,1617317
1000.6367078219118,1019.1511627197243,987.4697762445795,-294.56375250935474,1617350
1023.8213334022646,1000.50778885917,984.4587087758696,-336.42827861492606,1617384
997.1654394323602,1017.291915631169,1056.0340903588292,-575.44000461531,1617417
1005.077885985806,981.8027248676065,1058.5617601255017,-1080.5118955070618,1617450
999.3369306961404,1029.2454263263712,989.0123099712814,-156.40235962820222,1617484
871.2508648793084,989.7591567670977,1055.8904418120758,-6581.913116332675,1619050
992.0747005569392,907.7908895229294,1026.6113535679103,-1524.801848781662,1619084
1007.1861650528831,944.6068066705914,840.9001129741868,-3949.2894875625325,1619117
914.4725255577665,1011.7233611385808,692.1596636614994,-5640.767370340421,1619150
1014.8392083715341,1253.5808709453092,859.5330127458747,-16054.336125731194,1619184
933.4324172985321,1106.0768353963297,1003.9510417413549,-7060.2724350253275,1619217
1201.5759543753686,1013.1067349910267,872.0699513227136,-13603.117439525637,1619250
1131.4955021360527,993.4667476307171,1349.7366409785282,-19449.642162184653,1619284
998.8721809407275,787.6763294653458,1179.639351666432,-12212.125998002668,1619317
1109.6228125224768,856.1472916718291,991.0613492953883,-20025.331033235467,1619350
