center 0,center 1,center 2,center 3,score,MILLISEC
1089.3621987199665,1370.0572980718725,909.8093206820866,1165.5545729906876,-508.074760992837,65799
1363.2347560123312,1166.3009519601055,912.7968010461036,1100.2522438059375,-301.17891390276236,65833
1165.201054774007,913.5611637980239,1351.7754991121863,1110.6849238195323,-254.00390708301143,65866
917.2627758717782,1165.7376700273942,1343.501767769585,1118.1453393901886,-228.36935820414158,65899
920.4265315602327,1172.649137636659,1330.988354569641,1135.1028327285458,-301.1182632623496,65933
1122.9038249111097,1325.1275410314283,923.0390024262247,1159.996183617071,-295.7079876610423,65966
1163.086605868179,1321.624757637356,920.4895436668469,1120.1946259467593,-186.09450007815502,65999
1161.5369886812487,918.5232713437368,1325.4263465013814,1119.277445497764,-112.6478505942657,66033
1117.3723640756468,1330.290569762862,917.7739373070037,1152.9654818448982,-13.195348323230045,66066
1333.8680594421623,1137.8462061416253,914.9912567888285,1116.0277774320853,-3.022338219499912,66099
1135.6324229256577,915.8607972830806,1341.569603114203,1113.4525645689905,-8.7729094751174,66133
1104.3515433893429,1351.1720837850373,911.7702561500896,1138.5683993506934,-98.33722715250373,66166
1137.5873592827936,913.1473046557165,1357.31868034003,1097.978796158674,-118.12637189758664,66199
1133.0,1355.1372624203054,911.6550882872316,1096.3565179383004,-123.77114841119709,66233
1131.5666131518728,1358.764880323303,913.4128310900827,1094.5167184638622,-126.30600619650572,66266
1362.5134861717884,1093.0911552023917,910.362565135452,1130.2818232635611,-110.45283660108,66299
1093.7994573640713,1361.8520477643672,913.5524068163796,1131.9368356935822,-123.49414012625951,66333
1099.4986510193116,1359.6896704763187,913.1555179705152,1130.4587564347494,-23.43281342795242,66366
913.3794392255609,1102.1117658145602,1355.3715357790277,1129.610109728131,-11.311306224004296,66399
1348.1209144583433,1110.601062777582,918.0751603218552,1126.9645069832502,-0.5587146108883677,66433
1126.8833125040055,1338.7374649273097,919.3807698663269,1113.5407472648963,-0.008361472415067236,66466
1126.4337530454243,921.7656969100119,1326.4874669592623,1116.3024225520408,-0.8028088907559874,66499
1120.0337906427058,924.7372599825314,1317.8376227745207,1125.2057589614444,-4.615637063426253,66533
1308.9090877520869,927.3823375501606,1122.1133158521068,1127.2173703416745,-5.412774779842038,66566
1127.3260160940608,926.1133839870796,1293.7592511746534,1115.240332843105,-27.10687498703554,66599
1277.5312129259307,1112.5291007429873,926.7766721276491,1129.1991426898467,-42.592297031070245,66633
1252.7166479296106,1117.9883740689456,929.2324789846726,1138.025483018724,-83.9908933509474,66666
1115.3890017018484,928.8810472821588,1222.2573378793845,1137.0492513519368,-78.74976510752448,66699
1186.6010281472034,930.1639640407491,1131.1123604262189,1104.612601774939,-98.65618205595209,66733
1136.9514102004023,928.4336271376646,1102.8018861064756,1124.3495897628993,-5.98168663280182,66766
1089.9013716846125,927.767751110158,1127.563094837783,1101.7027729837118,-29.934319681793998,66799
1053.5582565762559,933.4543373941759,1125.7074777057064,1100.0859057364567,-12.349274912669308,66833
1124.52847558776,938.1769555899356,1022.127193650575,1098.5922810579,-2.415184536948085,66866
995.9046139063721,1122.054143078644,941.3957722445964,1100.7547410754132,-9.928471318840625e-08,66899
1121.9132835802584,949.2807803805995,1099.1947052274224,967.7954329299142,-5.168252324966029,66933
1120.7287807493835,956.72182173786,1099.3197896881506,1124.2215084226061,-2.7116211813214615,66966
952.4463239469193,1122.0634943545952,1099.5462700587002,964.8232998844918,-0.029273510468977332,66999
973.6601049647664,1123.9288182130313,949.7683928200601,1101.408189546455,-0.02318051724221008,67033
1122.7129464918225,949.4856502338516,975.7509928255262,1099.3680002619687,-0.2795592996793101,67066
957.2220223124832,1121.4465358786226,981.0835846144813,1098.057375550112,-1.3343316745852951,67099
1122.5117584228965,982.2754196252698,1097.3426994334998,963.1645757605498,-5.704404673611247,67133
984.7461601854561,1122.3211804161972,1095.9210738004813,969.1821294266625,-0.33597838722507384,67166
1120.8389397396577,985.0162435208873,1093.42809548685,976.350859066555,-0.14232655946786563,67199
1092.5584652548348,985.7479393841004,1120.0748073533223,987.4051853216085,-0.8518648354151014,67233
1119.8887493375219,988.8356789679466,1092.0,997.8496880793219,-0.378214482564702,67266
1090.0706399128453,987.7833770619953,1118.6653597493064,1004.9507450616671,-0.6257939095293995,67299
1011.5310178140857,1119.6582065013126,987.5454419924179,1090.5659081412732,-0.0012285279327882306,67333
1088.9692373983758,985.5338654759663,1120.3356954987473,1014.2287710373829,-18.858782676047294,67366
1087.0556563488367,986.560692507055,1120.448948217599,1016.4846285114203,-6.308876151882851,67399
1016.2130682096151,1117.8726359052064,983.1444451350982,1086.8017298477216,-0.5397886916073007,67433
1014.1217875580822,1119.0443795343092,982.2794917944689,1088.6220648140475,-1.3532653461726305,67466
1014.3189833577995,1117.628469230077,982.1619011140679,1088.187943325968,-0.2095328707995626,67499
984.0370927968112,1118.5334138780215,1089.9706418064663,1011.5280520084453,-0.0040767570165732726,67533
1091.9020102554991,986.6894141521941,1117.1004049105404,1009.8381058367722,-6.37069741276126,67566
1092.0389187203907,1010.3296491739713,1117.2621747531011,984.8360269608337,-4.465731942013757,67599
1010.6448436518142,1118.485001245171,984.1925624591968,1095.7308063571088,-4.603979180289056,67633
1009.0168482240522,1117.8782272891758,984.4567029585405,1094.7351277820585,-10.537905620284231,67666
985.6059050147782,1117.2184914452162,1009.8044365123378,1097.2151110880673,-19.684745750924407,67699
1116.3567557724232,1009.6638054322835,981.9618118847596,1095.9438854247967,-50.1876825399938,67733
1116.178289476326,982.980162566875,1010.2366059493191,1097.3513566766117,-65.05220340663845,67766
1115.872306617447,981.5238152994557,1008.3079886621945,1097.0674546261957,-41.9906485162782,67799
1117.1136682737879,980.0137754133867,1009.2229684267,1096.4684217979102,-60.104311763271944,67833
1097.6884803986968,1012.1847657419074,981.0708435174291,1117.5431102213813,-65.79359344295132,67866
1118.114106104652,1010.5330276641135,977.3801716834653,1098.0614736889734,-43.69145959075317,67899
1119.8343863913392,980.3392270025718,1011.9693671253098,1098.4520927195688,-33.89411106560877,67933
1097.1335379068494,978.8186757515408,1120.5219207225662,1013.1618824255086,-23.250360422490186,67966
1099.9081779857809,1014.9684724167545,979.8066135722906,1121.6337971122389,-10.250351161482701,67999
1120.7727729902804,1012.7240492848978,1099.1428478591852,978.442640117447,-5.78264735544324,68033
1099.2442858618824,979.422789197801,1123.937719570332,1015.0645299684154,-0.005054083332631347,68066
1123.188636520497,979.1312475863489,1099.934998079432,1013.2803165955609,-0.573582453134004,68099
978.3266325721692,1125.0469661344396,1014.1962334775258,1099.6149326014083,-1.647983385832366,68133
976.8592529121071,1123.3688013840763,1013.5181300795758,1099.7949808941664,-1.0721538076202408,68166
975.8550097222435,1123.519518638866,1012.6203632161463,1098.0428042658446,-0.7824749820138319,68199
1100.8628434096593,1014.5723236911206,980.5778908378467,1123.7601617505359,-2.197724819016521,68233
1125.959988264638,978.0577692549658,1014.5072695648859,1102.5107709224433,-6.209654193167831,68266
1125.1232562621283,982.0101832465893,1015.6579148512554,1103.3811671403496,-14.316436210624282,68299
979.9698974968568,1125.9724616679005,1014.7640119751981,1103.9673908227544,-17.031131057156827,68333
981.6241643317467,1127.2817569038252,1015.772612349831,1103.9673908227544,-15.681103650777988,68366
981.4168329512186,1127.4972853960944,1016.7929976155422,1102.708483689139,-41.742848875430056,68399
1103.5809893252058,980.6344884818196,1015.6047459518885,1128.6198814037616,-36.32660031743165,68433
1126.242725395763,979.6147201833994,1103.5809893252058,1017.442381660996,-48.64698624746267,68466
978.4053352266636,1126.5034807200445,1016.0989125080295,1101.347356650026,-18.81585124824997,68499
1018.0378185509613,1127.9024489294097,980.1555998921804,1101.1489454201915,-27.131398080363276,68533
1018.8518047292256,1128.0603121164318,980.5151707138447,1102.33071262666,-51.86445555671381,68566
1128.4232252228567,979.0490283943905,1017.7877971365151,1100.818331969449,-63.049555292989865,68599
1129.0460638437019,1019.767130280242,979.4212576823111,1101.709580606432,-115.97143808669034,68633
1101.2402099451326,981.4387398100811,1019.5567664431442,1130.9586903632498,-107.88138368518777,68666
1020.5229051814565,1131.6042511834867,979.9637748406826,1099.4171182949626,-135.63740692074433,68699
1019.358621879464,1129.9445428139968,980.0709158015046,1098.537664352024,-122.66032973556757,68733
1130.431679556384,1020.3896314643736,983.0081383182949,1099.6012913779248,-90.43571066511839,68766
1019.2845530076476,1130.6924778171933,983.2832755620325,1100.847400868985,-85.04121523224401,68799
1130.979642215427,980.7884583333962,1020.333768920739,1101.813958887797,-95.097788529362,68833
1130.7091574185235,980.2407867457873,1019.4184616731247,1100.9364195992428,-104.60265978537333,68866
981.1600277222875,1131.328870351539,1020.3749310915082,1103.2048767114836,-104.97421822071924,68899
1020.4479408573472,1132.378524009801,982.6443914255044,1101.0994505493134,-133.75672276982846,68933
1131.2750260353537,981.2711144225127,1021.4587607926225,1101.9074371289087,-97.63093741988935,68966
1100.7174932742732,981.8110816241585,1129.606642566857,1019.4905590538835,-96.66613766527857,68999
1131.318202263928,980.89245078143,1018.4291826140883,1100.7174932742732,-124.25045262756618,69033
981.7071864868873,1129.3394614648807,1019.5243989233411,1100.9041738498406,-107.76155642606295,69066
1018.3879417982128,1128.8908016715204,979.6917882681267,1100.338129849184,-76.11580286340825,69099
1131.5481916043314,981.4346641524336,1019.4277806691359,1104.0307966719045,-134.3801539341934,69133
1020.5258448466653,1129.60131634121,979.5442817963872,1100.9241572424505,-112.73224041118115,69166
1020.3852213747512,1131.695436541312,981.2772289215724,1102.220486109744,-85.87782313887674,69199
1129.5583055960894,980.347897432335,1020.3460197403624,1100.4876191943279,-116.06851778301194,69233
1130.608257106458,982.4596683833897,1019.4802597402266,1100.9137114233795,-93.93792539509724,69266
1098.78523834278,981.5365505165868,1130.6198962316785,1020.4694997891902,-92.3004901368696,69299
1019.2977975057142,1130.7229341057491,981.537569326819,1100.9355112812013,-83.29257457240644,69333
1131.0360227524766,982.3548238798444,1019.3596028880092,1101.569788982977,-106.03047251831245,69366
1019.3728464109685,1100.5512255229196,1129.6702193644733,981.8110816241585,-90.3909620459257,69399
1130.6459899946888,981.2670380686391,1020.3151473931963,1101.0658472589184,-85.29061786052503,69433
980.6176624964493,1131.175047192623,1020.3347489917219,1101.4122752175954,-91.02521753443827,69466
1130.9210186252026,981.264999885352,1020.2171337514383,1102.9174946477185,-84.29926346830015,69499
982.0855359896102,1132.0892739467,1100.6711588844328,1019.3257575476056,-115.7516296683797,69533
1019.2585540479903,1130.3597915662194,981.8090445702769,1101.9246798216293,-83.48322074582046,69566
1020.2264454521849,1129.5822822638077,983.0050864568301,1101.901084489892,-92.73519137529891,69599
1130.0674756116134,1019.190364946608,982.4637397889044,1099.6676770733966,-83.00112959089573,69633
1131.802645976613,981.2670380686391,1020.2749629389128,1099.7999818148753,-104.54112067517252,69666
1130.456305754544,981.2772289215724,1019.1550421795498,1098.8193664110586,-84.08155957798238,69699
1130.5632624168106,983.6549191662695,1100.1808942169464,1021.2076184596352,-114.41934691628516,69733
1099.2024381341228,980.2377262684803,1129.6895514089738,1020.2171337514383,-123.0348747827274,69766
1131.2184149070963,981.4346641524336,1021.2952560351977,1101.346902660556,-129.79555015348836,69799
1129.4624795031668,981.9826882384434,1019.3473402133347,1100.9355112812013,-103.01478911671333,69833
980.6298996053506,1130.777090957541,1020.3460197403624,1099.8645371135483,-115.34113120111822,69866
1131.9904407723243,983.0050864568301,1020.4479408573472,1101.2238646160915,-94.28400015868087,69899
1130.6580751356457,1020.3857113856504,1102.1238587382093,982.4606862363502,-115.63426111333737,69933
1102.5955740887046,983.3829366020136,1130.1160492713225,1022.5521991566005,-148.43035875556134,69966
1130.0630549811594,981.537569326819,1019.5204755177799,1101.1430424790415,-142.9835332988248,69999
1130.8924768972925,983.1139303254736,1101.2492905786592,1020.5189856146725,-172.41139421332826,70033
1131.4139029529665,980.1821259337471,1019.5729498177166,1098.9899908552397,-120.16040947071231,70066
1102.5017006789603,1019.6435651736346,981.9180210180481,1132.0763585245872,-142.23693942071372,70099
980.7247320221918,1131.2556332582017,1022.7482583705532,1103.4577472653857,-140.3844431698146,70133
1129.6563962769605,980.1841663687493,1020.6791856406204,1100.739297018145,-131.85270110151777,70166
1132.254662163212,1018.6633398724035,980.4529565461058,1102.961921373535,-153.76001934109047,70199
1102.0871108945971,981.761681876004,1132.1086549956747,1018.6824824252158,-120.98656776895831,70233
1131.6250433928526,982.3013794146885,1022.7311474674075,1100.2676946997944,-89.52233224842894,70266
1100.1781673892642,980.8379070978038,1130.9858320001686,1022.5683351248463,-132.09562977317782,70299
1022.5160145445155,1131.4119414911238,980.574321507554,1102.0607968710256,-148.03730257183304,70333
1130.9242666539562,982.5706081498672,1022.585448752328,1100.5734868694594,-126.60618642325143,70366
980.8368875608217,1130.1273711551926,1022.3194217073253,1099.562185599341,-126.24993170694569,70399
1100.4558146513652,984.0025406471266,1130.2657495634708,1021.3500868947924,-151.67072745137386,70433
1022.1942085533453,1131.850855969151,982.151210354088,1099.012738779674,-150.27968379996187,70466
981.0866424531525,1131.2058886889379,1022.0303322308981,1099.8927220415635,-173.47479094074416,70499
1020.8178094057724,1130.3569740911148,1098.015027219573,981.8935787548465,-182.2222471577499,70533
1131.0278784550133,980.9587147275873,1020.7311105281351,1099.401200654247,-83.87631510422345,70566
1130.4852767573127,1019.5008582634936,1095.789669599052,982.5482176463403,-130.07806988403956,70599
1022.442663429104,1129.6473725006404,981.7708490274092,1096.7337872063576,-84.62760479956816,70633
1022.4010954610719,1130.1355265087382,982.1776824994549,1097.1262461540148,-162.38344563515128,70666
1128.6009783931306,982.2112807334275,1095.3068063332757,1023.2443500943457,-130.66314013646056,70699
1130.0287606396093,1023.3518456523152,981.5849428348013,1097.5950983855566,-97.00025461727499,70733
1131.5068077352948,981.764228315536,1021.2962351835045,1096.11404516136,-143.68809736462043,70766
1098.0245898885871,980.9082525904245,1129.8066717411316,1022.3644164386786,-159.7689784544974,70799
1022.3918035665192,1130.6104663437568,1096.2029921506326,982.7659945276902,-190.94678790614068,70833
1021.3765221503772,1131.3983960080727,983.1118959711555,1097.5363319726596,-186.33902072078263,70866
981.0147807245312,1130.2487958214579,1021.413726165847,1095.7362821409174,-149.31908828868728,70899
1097.6388294880971,982.727836178461,1131.10114183444,1022.4935207618677,-207.41388165250606,70933
1022.5698020184245,1132.0001016165784,981.8008963124855,1098.1479863843488,-211.53988011239824,70966
1097.6889359012416,982.0590613603645,1131.6396722848149,1020.6125611611882,-181.30422223371747,70999
981.913438140043,1132.3459338015068,1099.1160084358703,1020.8124215545186,-189.37240638644184,71033
1101.3963864113591,982.8290797488646,1131.6288738570033,1020.9799214480175,-165.1837062602994,71066
1130.9765257410127,1022.2514367805995,1099.2433761456105,983.6371282134485,-174.19644557774916,71099
1022.3042599930806,1112.1435392608869,984.3261654553332,1142.7046862597529,-204.49616053546777,71133
1132.7533600279576,1023.3577087216376,983.1408851227783,1101.185270515366,-155.65069074441806,71166
1133.3404358462553,982.0743352720302,1100.778815203127,1023.3733434089438,-210.91295164015293,71199
1023.3161779235194,1131.7716269475495,1100.419919848782,982.5782411594508,-179.96887299316126,71233
1131.473462736219,982.1756462059116,1022.2514367805995,1099.419847010231,-117.60624741930928,71266
1132.16913031679,1020.2303661428629,981.3511094404489,1099.9190879332898,-164.12071544776387,71299
1131.9464346163145,983.0920607959358,1101.3609762471158,1020.2749629389128,-157.53831882694513,71333
1131.827687641668,981.3796411175442,1022.3414302472536,1101.346902660556,-150.17097542904992,71366
1132.9473151888744,1021.2546205525829,983.1012155419197,1100.8605724613813,-171.76201264240458,71399
1131.359680252296,1021.3491077981123,981.2899673389105,1100.3890221189959,-112.54779884511609,71433
1024.3842052667544,1132.0286063117314,1099.029571940628,982.7120636279989,-160.46898383730377,71466
980.7150452603447,1131.1740650185266,1022.2294263031172,1099.029571940628,-155.46925892413194,71499
1024.2040812260025,1132.7629280204374,980.9775736478383,1099.5990178242248,-155.29780513083523,71533
1131.3353425114415,1022.2279589211009,980.5885987507708,1101.7794697669765,-154.68556903854954,71566
983.0798543353434,1130.890134017936,1020.1245022054906,1100.419919848782,-145.0095617904098,71599
1131.9750777074314,979.6453439893439,1023.2057466609538,1099.9040867275655,-135.84689850945944,71633
1100.325860824874,980.6987304978018,1132.5306904288245,1023.2717136713982,-155.47047362004335,71666
1132.799855885114,1022.3174653697354,980.9694184835733,1099.5458153255825,-166.97301332996298,71699
1100.4040167138614,981.8889957627594,1132.48272980418,1020.3200478281312,-173.73339054415436,71733
1102.1687711054055,1022.4333719123217,1132.0112805519138,982.6957820200512,-182.92140643215282,71766
980.8460633555094,1131.4424122245568,1021.4822563314548,1101.7014114541198,-143.1356389522432,71799
1102.9215747277772,983.2258133307934,1132.7852991569748,1022.4842297072361,-157.93202768659012,71833
982.3044334624577,1132.4072522027254,1021.5307141735876,1099.4348548231496,-181.63031734587292,71866
981.2772289215724,1131.494131004105,1021.4822563314548,1101.594299186411,-121.06300653129702,71899
1020.6326469401222,1132.5185259331765,984.8588731386848,1103.0435168206193,-184.57683629000658,71933
1023.5785265430299,1112.645144430653,984.0558927215466,1143.0279961575745,-186.56514978125801,71966
1131.9181188908503,1022.706702823444,1100.8628434096593,982.4851143910528,-193.74425319740718,71999
1131.3620300606283,1020.7894004151884,1101.2356696002905,982.7441172553515,-169.91387418788827,72033
1131.4691746891826,1021.7328417937832,983.3198869137144,1101.832564412579,-150.0134563595927,72066
1111.1019922551009,1020.7609906339485,981.5732270187488,1141.7096828879048,-191.7256134912106,72099
1132.49470542739,1021.7343098868707,984.242348204953,1101.813958887797,-158.4843578578158,72133
1131.2784552108521,1021.8669189282917,982.3975773585763,1101.832564412579,-144.11355149563815,72166
1131.9142363105698,1021.8385391048822,983.7281128441944,1101.852077186407,-163.32327491875435,72199
1133.8941674024572,1021.8928515260296,1101.040417060155,982.6779737024739,-140.03426137567135,72233
1130.944275231347,984.8375500558456,1021.8928515260296,1103.1736037451221,-159.09264288655373,72266
1132.4093757249505,1021.8928515260296,984.2728280309276,1101.464479681483,-137.01154045623105,72299
1130.30517494169,1022.0317998966568,982.2453868560544,1099.6985950704857,-154.42300007081462,72333
1023.0596268057889,1131.6207869711368,982.1466285641875,1101.9718689694398,-180.78898965013744,72366
982.2616759295865,1111.2550260076832,1021.0636610907275,1141.490692033886,-174.53434532589637,72399
1131.9373604441723,984.291115473466,1022.1751317655894,1102.7864707186066,-98.62406135940653,72433
1131.6130205575755,984.4643213443543,1023.3210639872513,1103.2560899446692,-117.94340912073457,72466
1130.8279628750406,983.6732180963351,1101.566611694454,1021.2663707378208,-115.23675977165098,72499
1131.312924188966,982.7512401416749,1022.444619527141,1102.5252831568082,-155.135126021799,72533
984.8578577642562,1132.0776685506864,1020.2970155792871,1102.4010159646987,-156.3047376841242,72566
1021.4484813244376,1132.3874819856287,1102.0172412444372,983.3890379702226,-175.18128449418992,72599
982.7105372387131,1132.1725621740984,1021.3549823641142,1100.1677144872049,-140.57892027475975,72633
1023.4114519585952,1131.142775473997,984.5069832154569,1101.9827584858122,-127.0429859658518,72666
1132.6685185454473,983.0366219017478,1020.3278884750725,1101.5847675054335,-111.05419212318168,72699
1022.292521737296,1132.2377584863784,1103.3607750867347,984.77053164684,-167.31651548241894,72733
1021.4788299323682,1130.521951896829,982.7298713278233,1102.107980190689,-151.23255876801775,72766
984.2443802227168,1112.626163525583,1021.3251196362498,1141.618587795416,-171.04047668546576,72799
1022.4460865982128,1131.7299648303463,983.5634194092418,1101.2547389228343,-101.57341020634243,72833
1021.4161737509348,1131.3762426864641,982.139501292968,1101.6732727991543,-134.59496931861105,72866
1130.6647282037288,1021.4484813244376,982.774643547543,1102.6354792042564,-97.54479197546648,72899
984.16106405405,1132.6745351309612,1102.0911940488409,1021.6055990449544,-108.79493172174008,72933
1131.0970671829436,985.3978891797973,1022.4803176589758,1102.9623746982488,-155.84922028712452,72966
1018.5165683483013,1131.4802569889148,983.2670034126031,1102.616887227835,-115.85608859887961,72999
985.108115893885,1132.2538229747279,1021.4783404458461,1104.358637400007,-121.56071822649926,73033
1131.715484189497,1019.6092388753644,982.9003001322159,1101.7844616802327,-127.12569146481495,73066
982.7441172553515,1132.0633483829447,1102.1882779271425,1019.3909946629899,-143.15049599165647,73099
1103.0743401965256,982.3466801491213,1132.5340567089497,1019.7068206107086,-162.22078873915186,73133
1103.0911113774782,982.0845177478362,1021.5116249950364,1131.5117255260934,-145.42999392495932,73166
982.6983260390749,1132.567848414363,1021.6055990449544,1102.7139248236597,-138.13747612110524,73199
983.5868034901648,1131.7391998887902,1020.7394378586536,1102.6663139862394,-158.76687016177408,73233
1131.5897892455264,985.0604042392528,1104.132691301186,1021.5468662768243,-125.09775053031318,73266
1131.3702628628369,1022.6680790950699,1104.9642528154475,983.2212365485196,-120.6566193510594,73299
1104.647002440146,983.6183202848553,1021.6364323965743,1131.8391073694934,-136.4700580569405,73333
1103.7381935948397,1019.7421242647574,982.6983260390749,1131.1929371125411,-165.07805340542666,73366
1018.7148766951428,1131.2639559300692,984.1722410228812,1102.7501983676993,-139.72402690193246,73399
1022.839185796086,1130.5935957711547,983.1246106165789,1104.1802389102968,-124.24240250150739,73433
983.8089245376868,1131.0998606279877,1019.712214303624,1102.2386311502605,-114.21057469313666,73466
1021.7582884420366,1131.4535062671248,985.3542510183837,1104.2332181201577,-80.92631165863824,73499
1020.8447482354993,1112.8303844508991,984.3769603155084,1138.8968346606289,-149.0708857283819,73533
1020.787930963136,1130.8684014182836,983.8160397147426,1103.719620193462,-103.31734731168822,73566
984.0777408314854,1131.8094472856517,1021.7852024765283,1101.4694730222895,-112.75006989516461,73599
1131.8921471564092,1020.8569929231028,984.7725625747297,1104.2146530453217,-119.33441130706923,73633
1131.0095245730242,985.6520684298289,1020.8569929231028,1103.3462738415353,-107.91065020362917,73666
1018.6049283210837,1132.3985005795898,1103.860951388353,983.2954794973889,-111.27177019283096,73699
1102.9569347893869,984.1549674720948,1021.8713226233526,1130.5042760489614,-143.16367002660405,73733
983.1978437730628,1131.6690367119436,1020.0009803916857,1103.3286001912577,-113.38269492298241,73766
1131.7360008694384,985.373533234986,1019.9480378921271,1102.974614395091,-134.24867210113834,73799
1018.9509311051244,1132.2606233734555,981.7479309883979,1104.304758660398,-134.7615159083785,73833
983.5817200416038,1131.9482337456827,1018.9018598471591,1102.9932003416884,-121.39224005835287,73866
1130.882099723326,982.924717361406,1019.9480378921271,1102.0893793154892,-91.35305072164384,73899
1102.6046435599662,983.8851558998133,1021.9202512916553,1129.902451515402,-83.90011896876577,73933
1130.3785060335383,984.1895142704986,1020.1181304143163,1103.1028963791184,-141.86619477183118,73966
1128.847764492358,983.0142420128001,1022.0621311838141,1104.3577318966893,-113.44920121145819,73999
1020.0210782135828,1129.8969643511218,1101.7758392704027,984.7542840729357,-129.69990023909753,74033
1101.2583711373095,1019.0240428959465,984.1895142704986,1128.8771530777044,-93.74651835484163,74066
1130.5295188931004,1021.0920624507861,983.2731055001963,1103.9696553800743,-85.01382266961026,74099
1019.0981307018476,1130.237966585023,983.5329175985926,1100.7247612368863,-130.27777950416942,74133
984.2362521264902,1130.4361397239409,1019.97794093794,1103.4903715030775,-65.26801206939372,74166
984.1448064182425,1130.2087005792898,1019.1211900456196,1103.1028963791184,-93.5862697463235,74199
1130.8102276300838,984.8020105584675,1018.9288493314929,1103.9696553800743,-112.45817439676769,74233
984.4490845137701,1130.570065319645,1020.0210782135828,1102.9401615681604,-85.65480626781502,74266
1129.6968715995033,983.2792075499207,1019.9480378921271,1104.2332181201577,-95.95659659036885,74299
983.2731055001963,1130.8129258656668,1019.9259777062255,1102.570179172283,-131.25339025989956,74333
1102.0725928903232,1019.8990146087993,1128.6595320655422,985.0614194049019,-108.32135518257388,74366
1131.1985611106522,984.1448064182425,1020.9231116984275,1102.9569347893869,-122.63068237991735,74399
983.8851558998133,1131.346854789356,1019.9048975272156,1102.218671589263,-153.58831646356126,74433
1129.5342840492567,984.2860356623983,1020.8099725218206,1101.7563251463546,-135.6023146665046,74466
1130.031450786531,984.4561950640567,1018.8356098998503,1101.737718334087,-108.84046657532157,74499
1130.3323560443491,1019.9259777062255,983.3229377981579,1103.6018303718058,-96.52975846209151,74533
1129.2720304872555,983.0203456694068,1019.999019607372,1103.2542771274445,-68.3623183820522,74566
1020.8511154913825,1132.1758244985485,984.4988572873002,1103.4717939304112,-90.80484206415167,74599
984.8020105584675,1131.8411068693777,1020.9549451371495,1104.0837830527175,-82.41760140403066,74633
983.8953196351733,1131.6419378400765,1019.8127279064524,1102.7180056569314,-113.04904311264808,74666
1019.9048975272156,1132.1789173849297,984.196626696109,1103.6018303718058,-107.79805817744182,74699
1130.5332211685513,983.5949369532156,1019.9048975272156,1102.7012288013468,-80.27166851925968,74733
1129.9670463525522,984.8558270122587,1019.9578422660419,1103.1214801643562,-106.94831457874851,74766
982.9369257485447,1130.6807564661221,1020.9231116984275,1102.7180056569314,-84.05391439549149,74799
1131.664881731631,982.9776192772651,1019.6715157343565,1102.2549614313377,-91.19091066688321,74833
1103.2737647565086,984.1549674720948,1131.8501539966267,1018.8567122024568,-142.4577956250162,74866
982.377218791234,1131.218033582673,1018.6942622789234,1102.2744667277746,-79.52099470209217,74899
1130.8192726279822,1019.6715157343565,983.8953196351733,1102.7542790667376,-86.54530624327253,74933
985.1730812400428,1130.184414618369,1018.6741382797543,1103.1028963791184,-87.3779074696298,74966
1130.8244309998047,984.8131802529858,1020.61990966275,1103.6018303718058,-108.21250793579227,74999
1102.3524844622068,1018.7855515269148,1131.454913359658,985.690620833941,-127.55806857891525,75033
1019.691620049905,1131.3043084286214,984.2545402486087,1103.1214801643562,-103.12346167725289,75066
1104.4505421249066,1021.6863510882388,1131.2407683871422,982.0784082750216,-126.64787773611353,75099
1129.7908578485028,1019.6224791558884,984.175289265078,1101.737718334087,-123.23504388836797,75133
1131.2757095145535,984.2138995157505,1020.688982991391,1103.2356955791452,-125.53812468702264,75166
1019.6023734770334,1131.6951120910503,983.8780412225898,1102.1070728382065,-135.3465384509117,75199
1131.4190856749651,1019.691620049905,1102.2363630365312,984.2138995157505,-128.70514085133357,75233
1020.61990966275,1131.2245700457001,984.2138995157505,1103.6018303718058,-138.94424984266868,75266
1022.8044778939912,1131.5654192042148,983.6976161402446,1104.007699248515,-87.40412237896439,75299
1131.1537678550144,982.6372677646619,1020.710046977103,1102.586958021906,-116.30693480805559,75333
1131.9752199675956,984.2545402486087,1020.710046977103,1104.836639508303,-142.20275862704412,75366
1103.085218829443,982.7380118831264,1131.6032123886498,1018.8307023249741,-132.33942337722607,75399
1130.9965728123912,1020.7320902176045,1101.7032268265352,983.9156467909228,-115.50457325118752,75433
1131.765042621206,984.7725625747297,1102.6046435599662,1019.9259777062255,-96.77660123969291,75466
1019.7617368777866,1130.3781585738466,983.6976161402446,1103.9696553800743,-93.43723840029998,75499
1132.2372048695083,1021.8483253399205,984.5130776175602,1104.1394839421332,-155.82381856652736,75533
1103.4903715030775,984.2545402486087,1020.8511154913825,1130.1166061017648,-129.913226057948,75566
983.9969512147891,1132.5593445205623,1020.8511154913825,1103.4717939304112,-115.66227830811076,75599
983.9969512147891,1131.4829966116854,1020.873155685857,1103.1028963791184,-128.45675728158523,75633
1019.8539111068801,1131.3889804358712,984.9157324360293,1102.642734524651,-177.94989655959952,75666
984.9157324360293,1130.830019959041,1019.9480378921271,1103.140970139356,-107.93191887005828,75699
1131.208852638636,983.6976161402446,1103.085218829443,1017.9287794340034,-104.06342396089134,75733
1129.3798235424858,1021.0700269814995,984.5983952861187,1103.9352336074794,-132.42835028711482,75766
1131.9082502984947,1018.878795539489,982.8214486874002,1102.9569347893869,-144.42581240106523,75799
1130.551029845768,985.157855371412,1021.0181193299167,1103.9352336074794,-147.73782934629617,75833
1018.1011737543573,1129.6532202057226,1103.4373566270085,982.4606862363502,-116.20415768230112,75866
983.4846211303967,1131.111043660755,1020.0210782135828,1104.4505421249066,-117.61381735499612,75899
1104.304758660398,983.3788690021765,1020.1700838585691,1131.5537908716447,-140.03672802049866,75933
1020.0210782135828,1131.5324213444633,985.2157124203816,1103.8423800525145,-132.75889267199773,75966
1104.3772000544018,983.6803342549855,1020.1480284742994,1131.1207853469698,-101.53791210822821,75999
1131.608476733546,1019.9259777062255,985.2035322713779,1102.6046435599662,-132.51076956813085,76033
1132.584200784571,984.9005025889671,1022.0381597572568,1103.4903715030775,-124.05626634877908,76066
984.5983952861187,1131.0456159399182,1102.4967120132378,1020.2690821543109,-119.62932618151476,76099
1131.705643198066,1020.1181304143163,986.0755549145309,1102.2363630365312,-119.67430730366769,76133
983.3788690021765,1112.3859660814057,1020.2171337514383,1139.6797795872312,-158.92493027513345,76166
1021.0700269814995,1131.2941049719498,983.6366198957825,1102.125673414788,-123.2961114297064,76199
1131.484998304506,983.0203456694068,1019.1211900456196,1104.9674203341924,-130.39722370398977,76233
1140.0991184980367,1020.0931330030606,1111.8674384256767,984.196626696109,-171.59873744846468,76266
984.1021288463917,1130.856905223522,1019.9480378921271,1102.586958021906,-114.31981655658906,76299
1018.7934039833591,1130.1206906417779,983.4475074959518,1101.869774519657,-158.44916670259147,76333
1132.553785316432,984.8522731861871,1102.7737755315004,1021.6902661765943,-144.84673084338237,76366
1102.6232357428353,1021.6119615587907,984.5166326680317,1130.2936897324166,-167.34990215992775,76399
1131.1583920609673,1021.5757436431231,984.1351533199086,1105.4673219955441,-105.38414009410243,76433
1102.2018871332057,984.1046692298538,1130.929991214061,1020.4219715392255,-140.7099451277039,76466
1021.3863128121504,1131.0607145442548,983.4886882928547,1102.7356890932658,-80.32002927962547,76499
1020.4807690495691,1131.3716716396057,983.7586086027405,1103.5673971262472,-126.28122280791793,76533
1020.4807690495691,1130.6237362554934,981.6588001948538,1101.3355528629775,-106.93403133657255,76566
1131.0915387574132,983.0874833909747,1021.4783404458461,1104.1394839421332,-103.86190277424309,76599
983.6874503621565,1130.6887006434945,1021.2947664606922,1102.7356890932658,-112.12447425162395,76633
1130.5140745515237,1021.4470128205378,984.2748599857664,1103.6018303718058,-128.85448182456116,76666
1131.202677637799,1021.3549823641142,981.9475546076786,1102.7356890932658,-124.00421014687345,76699
984.0020325182261,1132.0519581066574,1022.3228452890995,1102.9093344423195,-112.72829376614838,76733
1020.3881614366172,1131.0948518965597,985.7616344735678,1103.1028963791184,-119.87202619931202,76766
1104.9859727616456,983.7037155566711,1021.3858232812908,1131.191753454707,-126.43383213089174,76799
1104.051176350082,983.6345866224916,1131.1098830579317,1020.4200115638658,-99.8648973444338,76833
1130.8366519685383,1021.4788299323682,984.6187079270838,1102.3887698992583,-114.93312917482154,76866
1105.9502701297197,984.2748599857664,1022.3526788735871,1132.4159871424854,-120.0641282206091,76899
1130.9450155626384,984.2748599857664,1020.4185415798754,1103.2542771274445,-97.743548047097,76933
983.6600022365451,1130.2929813114774,1021.4783404458461,1103.373010364129,-102.55279602398087,76966
1130.3591883807792,982.2189165354127,1022.444619527141,1102.7542790667376,-122.21048629254219,76999
1131.3740601083375,1020.5748380202208,982.8031338981373,1103.4314659279933,-75.47222795182866,77033
1102.7737755315004,1020.5434826600972,984.3012750169534,1128.9364728999305,-64.88031252891244,77066
985.2441321824758,1131.3147473430163,1022.4138105483513,1103.2737647565086,-107.88488841517875,77099
1104.1200115929428,985.1893219072159,1130.8290846309014,1021.5409928142874,-115.16270567548204,77133
984.8913645676868,1131.2259924295417,1020.2970155792871,1102.3887698992583,-110.50810359665059,77166
1104.2757807721764,983.6183202848553,1020.2970155792871,1130.1674876452066,-62.89973944352889,77199
1130.4638099610838,1021.0494601144452,983.681350844876,1101.5634343967668,-74.14873654087958,77233
1131.3836842124497,984.0315035607346,1022.9569883431072,1105.6423472353074,-93.91819572724344,77266
1102.9297348426146,982.9211565532609,1022.0078277586723,1130.8977998279338,-78.33268867740902,77299
1105.1610742330731,1023.0058650858264,984.1229597971993,1131.7975730548642,-84.50725423885692,77333
982.5563597066582,1129.375030644911,1022.9296163470876,1102.9093344423195,-59.08031161203907,77366
1131.0424322126635,984.8741036294944,1021.7284375018638,1103.8383033759972,-100.03306892515909,77399
1130.819043909186,1021.7577990893928,984.240316182994,1104.6601287273838,-113.57986463010421,77433
1104.1811445591707,1021.7905851983566,983.9573161474028,1131.5412606933273,-111.75069711045049,77466
1022.892956276462,1130.4628535947763,983.0406909177259,1102.4499988661616,-99.47328471073753,77499
1104.15986161425,982.7603980625186,1021.7989038944992,1130.1464908786197,-108.81830948307083,77533
1131.3310977876824,984.240316182994,1104.3174362473862,1021.7166926305941,-103.89435703459532,77566
1021.8106478208181,1130.295039937194,985.4394958595885,1103.6815663949453,-113.24538675424363,77599
1102.9510415245093,985.4435549538086,1131.065176607969,1021.7577990893928,-101.13252956697096,77633
1101.5634343967668,1020.7438464178954,1131.0627001643497,984.242348204953,-115.33659386071479,77666
1130.9464872662934,1020.7110266867895,983.9583324511257,1104.3174362473862,-91.08588006335272,77699
1104.2961559291964,985.0908587536481,1021.9589032832974,1131.2616700280364,-124.06785075639584,77733
1021.8948086765096,1130.6111905228845,986.0735266702985,1102.4499988661616,-85.67172885097631,77766
1103.8161078730461,985.091873887913,1022.7507027619193,1130.752567391675,-88.2626742711989,77799
1019.6744578540741,1131.8287068111472,982.6922203823535,1102.3887698992583,-96.55687641228461,77833
1102.9297348426146,1021.6481781905159,983.8312863494432,1131.0335486189856,-116.22379668915845,77866
1130.9204543214505,1021.7524161948431,984.524250590101,1103.2737647565086,-108.8519947283528,77899
1021.6153875113667,1132.2877755558975,984.7461601854561,1103.4527629219115,-127.78665335510382,77933
1021.7284375018638,1131.5978733600518,984.6892910964351,1102.5670047666038,-134.50601401543943,77966
1021.6481781905159,1130.8258358156315,985.0329943712545,1105.0692286006338,-87.85810375668818,77999
1131.8589255253912,984.4033726069816,1020.7438464178954,1103.9551621329554,-137.74541701413256,78033
984.1183871872327,1131.647253681142,1021.6819465959061,1104.3396216744195,-89.98647185795346,78066
1021.6364323965743,1129.2753851416824,983.7265880314509,1103.7948178896293,-104.20902620966106,78099
1129.4646469719173,985.2162199233222,1021.548334637182,1102.7941784394766,-72.22248120455005,78133
983.3519207282812,1131.581571053774,1021.4719770997146,1103.4980743073365,-107.2961029447213,78166
1131.0256831528561,1022.4974327596134,983.3519207282812,1099.8772658801527,-70.8080972303133,78199
1130.5601533544889,983.0615443602704,1021.4303696287868,1102.6105386762817,-98.47929414929473,78233
1021.5145618149552,1131.0371146157577,983.9374980149908,1104.3174362473862,-118.0907233225776,78266
1104.2961559291964,1022.5130806009281,1132.0586438758564,984.2631761881576,-100.45365191364401,78299
1131.1142439662092,1020.5160459297051,984.5206955671374,1103.113321467926,-114.1341935018427,78333
986.0496944880618,1129.9457522426474,1021.5145618149552,1102.9732544354827,-104.19397759644822,78366
986.9290754659121,1130.3592947688298,1103.9338748312782,1020.4832188723144,-118.72945942781735,78399
1102.064880122763,982.7324152585993,1023.5028089849094,1130.8492100128524,-156.12842661635193,78433
1132.0238531758155,984.228631975315,1022.4705374728409,1102.6105386762817,-122.99168195901434,78466
1103.4527629219115,983.9049750865172,1022.4377731676387,1130.8437078983118,-56.01661359533613,78499
1022.4485317119879,1130.1438360122322,982.7069756544928,1103.9338748312782,-91.8198471132292,78533
983.6167953019102,1129.358284984269,1023.4046120669967,1101.7241033943117,-88.72827478156152,78566
984.5227270104027,1131.0588110894569,1022.4485317119879,1101.9718689694398,-61.93171380891238,78599
986.6073180348907,1130.8946106502735,1021.5918950344114,1103.7948178896293,-75.75920433314411,78633
983.6167953019102,1129.9611973290885,1020.3989415909838,1103.774433478145,-82.38506122601765,78666
983.0035605225446,1130.608329822387,1021.4626767532918,1104.7778057147962,-66.60907246511033,78699
1102.0249543454086,984.5267898843585,1129.5718278968156,1021.4817668465747,-76.97124369298399,78733
1022.3453428269726,1131.2502016633757,984.51764839438,1103.4527629219115,-66.96247314353468,78766
1130.1298270295033,984.2103433717815,1021.3466600523057,1101.9718689694398,-72.14811652906538,78799
1102.1315710930342,985.1197896702715,1130.1854648568883,1021.2482558124641,-76.63005243830919,78833
1104.8416176086055,1021.40736241717,983.6167953019102,1130.0326246035133,-71.53466339055063,78866
1131.0259012340264,984.2103433717815,1021.4499498262262,1104.1811445591707,-79.82147551687375,78899
1129.6817439609301,1020.5395631723446,983.3092087436179,1104.4369606274502,-83.31472278267836,78933
1104.6601287273838,985.1197896702715,1022.3751757549671,1131.0529372806288,-80.50613772392356,78966
985.7164906807636,1130.5905114448392,1023.4163375674633,1103.113321467926,-86.19086179401513,78999
1020.5268247331866,1129.7366799876422,1102.5670047666038,984.829934557231,-121.06778099909424,79033
1131.0380489771157,982.4103012489231,1021.4626767532918,1101.769485872612,-119.8635320788219,79066
1020.4949779396271,1129.4531023072182,983.0106815289445,1101.062668516193,-94.37937720121029,79099
1105.2515550769426,984.1991668356563,1020.4949779396271,1129.3978698513697,-95.90315037747331,79133
1130.8569296514138,1020.5596503879624,983.6086620196063,1103.4527629219115,-97.2093187554068,79166
1130.892500826435,1022.5130806009281,982.6998524473279,1102.9963735207837,-94.30314906347205,79199
1103.9551621329554,986.6255622068587,1131.447139246595,1021.5698703466151,-114.74218139248224,79233
1131.42047172287,984.4902234151439,1021.4391807640825,1102.4499988661616,-136.43233279659674,79266
1129.9085848181128,1022.6465665125953,986.6255622068587,1102.5883184579818,-112.17990865941408,79299
1102.428682500596,983.5995119966256,1130.024241649768,1020.5596503879624,-59.42656773318552,79333
1102.6105386762817,984.1900223026039,1130.1382117390935,1020.5160459297051,-62.2447343270688,79366
1020.5714085746279,1128.5103054051933,981.7912201685244,1102.9093344423195,-110.98118855433799,79399
1130.252673967438,984.1991668356563,1023.61223126729,1102.4499988661616,-82.78597891148178,79433
1020.5542611737997,1131.2966816459646,985.1076083352518,1103.4749657332513,-88.63619365807027,79466
1021.4191108452984,1130.464115017974,984.51764839438,1102.6105386762817,-85.76931325669375,79499
1021.493514418961,1130.0524955638584,983.898876917745,1103.281015879454,-77.71453979155001,79533
1021.4626767532918,1129.887304341185,983.3010729171407,1104.0004528984578,-59.35897722136518,79566
1021.3603673532667,1103.0911113774782,1130.189697707657,986.0070993659224,-80.49439095005765,79599
985.1136990215902,1129.089113059498,1022.4920537588544,1103.0698074011455,-55.549541032228035,79633
1129.8943466783412,983.0035605225446,1021.3765221503772,1101.7463410422565,-57.53068864804166,79666
1020.3906114817012,1130.1781990438158,984.2042470950834,1102.753372246034,-77.47681215494306,79699
1022.3037709017805,1129.7646504380293,985.1421217266065,1103.1364376177592,-71.66924127476504,79733
984.5227270104027,1130.5484490795513,1103.1364376177592,1021.2898707027305,-108.40856764213548,79766
1102.5883184579818,985.1390764760071,1129.9844374555378,1021.1806892024545,-72.3422165838623,79799
1022.2201328481062,1130.810183216423,983.9354653634556,1103.113321467926,-61.65906807975517,79833
1102.6576984721958,1020.2088021576759,983.6442446331905,1130.2783962183485,-97.49408415629064,79866
983.6442446331905,1130.533134822774,1021.1806892024545,1103.160459770019,-39.66213558337284,79899
984.5633549955026,1129.3978811915576,1023.1783813196993,1101.7241033943117,-78.85192003995742,79933
1129.3386797869189,984.5552295326047,1023.0742886027388,1103.1364376177592,-58.292674278137135,79966
1101.3219329514873,1022.1012669985298,981.8706635804942,1129.4001704712746,-74.50987891098089,79999
982.7822749724377,1129.7367033147307,1022.1012669985298,1101.8901941663698,-60.962367128473005,80033
984.6060125755886,1129.8128596075117,1021.0763928325833,1102.8785064548135,-83.8045309938232,80066
1020.0289211586111,1130.0291842617341,1102.372895167511,984.6141376194026,-107.0854335192484,80099
1130.1582577842005,983.7123563318701,1020.0769578811198,1102.3951197279493,-56.62472436063979,80133
1128.1005991804182,983.4078502838993,1021.0372177349855,1102.4422887389617,-58.07625756368354,80166
1102.4422887389617,986.1064851221697,1130.6516238306203,1020.0769578811198,-84.81105836311522,80199
1020.0769578811198,1130.635070997484,985.5364021688899,1100.6934178053395,-86.67246102897016,80233
1129.5014992640072,1022.0112523842387,984.4186101450947,1102.5683652272996,-78.72632072003512,80266
1130.6935440213344,982.3181765599169,1101.2238646160915,1022.074850487967,-88.21901694898234,80299
1022.0362028812874,1130.6975926709683,985.0512677013314,1104.3934987132077,-84.90785615473155,80333
1129.9199713930357,1020.9745344522556,984.4186101450947,1101.4286177506012,-81.71649432369477,80366
1020.8858898035569,1129.327389752376,985.1071007763572,1102.493083878534,-68.29351017003856,80399
1130.2335807693512,984.7197570882794,1024.0014648427023,1103.685190622761,-60.10580258118144,80433
1102.669941550961,1020.882951175109,983.5247836226599,1128.9156986327412,-95.69076110005778,80466
1129.6728734940318,985.0126902735822,1022.939880931426,1101.8361947222463,-43.397783474391325,80499
983.2324242009109,1128.5738655582186,1021.9129121407558,1102.6976013395513,-69.05995796063691,80533
1020.7982170830825,1130.6193369443251,984.1366774996245,1103.915304722242,-101.82985514909291,80566
1130.6053991570482,985.6459810702827,1020.8530746390492,1101.125333465723,-98.86279386350462,80599
985.6967079178057,1130.3794769837777,1021.8272848187212,1100.59483916653,-59.47602776200252,80633
1101.1798218274798,984.794902505085,1130.726031266368,1021.8541970359568,-102.28443321671367,80666
1021.8013505569465,1128.6343790659832,983.0183111214155,1100.5321440103419,-77.87678068530134,80699
1022.7419029256599,1130.4690120705275,984.1590318642612,1101.510780700761,-111.6254965710458,80733
1128.8834304749832,983.8668609115769,1020.7154353687417,1101.0349676554329,-85.40079806716429,80766
1130.3637076823102,1023.6605882810962,984.7197570882794,1100.7038657150251,-105.77670940198782,80799
983.5247836226599,1127.976990781879,1020.7722566762873,1101.6850729677697,-50.8165333131838,80833
1129.681021113054,1020.7183744794644,1099.513074046871,985.0512677013314,-132.5810739356807,80866
1020.7183744794644,1130.0593440129987,985.0614194049019,1101.2084271381145,-62.75801782242188,80899
984.1468386374057,1131.054903146472,1022.6152746756719,1102.9342682136592,-91.61213664938124,80933
984.427752554752,1130.75371329434,1022.6382547118018,1100.3458547202329,-87.07974212262971,80966
1102.6055505029892,1019.6401325958095,1130.2474889262774,983.5878201767242,-52.22755168929691,80999
1020.5905153390364,1100.3172269850181,1131.0203516510564,986.5297765399685,-66.92830224169765,81033
1100.9114405800315,1020.5194755613437,1130.0800184576383,984.6953843702122,-100.30376556727083,81066
1129.19817324885,984.6425747447649,1021.4749140336243,1102.2490644133022,-31.971062920281028,81099
1130.3753096226612,983.443440163185,1022.473471538504,1101.0635767293368,-72.31879094539136,81133
1101.5411930563469,985.840250750597,1128.726924023033,1020.3729710257911,-67.06197100444035,81166
1129.4580891590158,986.4689554162361,1021.3916976361223,1102.9406149018178,-62.849666530238046,81199
1022.2837179570063,1129.8403651506765,984.063514210338,1101.0635767293368,-109.49855237176862,81233
986.4649005413219,1128.3545258327601,1021.3212031481575,1101.635148313633,-43.12806545370261,81266
1020.2921150337289,1129.49174777546,986.465914261613,1101.1602971411564,-61.78341427331062,81299
1129.3958645570876,984.0167681498116,1021.2986830501643,1101.3859450710272,-46.96224269691935,81333
984.9771570955338,1128.4517165309876,1020.2181139344665,1101.3509885590515,-29.446916535218772,81366
1129.7385995607015,983.7296376545743,1021.2198587963319,1100.2131611646898,-67.39332525045663,81399
1100.967301966775,983.0615443602704,1128.0819076833805,1019.165835377148,-50.41911485011753,81433
1128.4674462236774,985.4308702288557,1020.084800396516,1101.5829519378012,-56.445626823774724,81466
1126.492025296035,1019.0392534147053,985.6475029136938,1100.1422635277677,-14.433888874411997,81499
1019.0201175639272,1126.9823853281678,984.4475608177411,1099.9027229714454,-21.406320065560926,81533
1018.0127700574291,1127.0944738699309,983.2603927749759,1102.1687711054055,-14.093943726979202,81566
1099.3911951621224,984.1920544284027,1127.2140040351906,1017.0196654932489,-7.178213906948416,81599
1099.5571835971061,1017.0334311122717,985.6962006622527,1126.4441974269548,-23.940166287882484,81633
1125.7148233815635,1017.0088495190197,982.9699893689532,1100.8910027791126,-8.272838030366055,81666
1004.106366835864,1195.452215690782,1076.6485034587658,1098.6978656573426,-144.80815936248007,1026056
1004.9190284800322,1200.9121533234643,1074.0484160409158,1093.0594677326574,-159.49239749651923,1026090
993.8334870590747,1082.3058685965339,1202.2187820858564,1013.8269083033849,-183.01360300513102,1026123
994.1981693807327,1080.7189212836104,1206.6474215776536,1018.38548693508,-140.22635917933485,1026156
990.8602323234089,1202.3414656411048,1080.7300486270199,1020.7859716904421,-138.1239892788588,1026190
1079.45930130538,1201.9937603831395,1027.1849882080637,991.6783752810182,-138.23365060121833,1026223
1034.0125724574145,1196.5976767485386,1078.9683817888679,991.8749921235035,-49.46219982400325,1026256
1199.8316548582973,1042.716644156024,1079.5731584540445,992.5431980523568,-70.59109111655462,1026290
1077.5129479553125,1207.383120637356,992.635381194928,1052.1715639571335,-99.69397730444604,1026323
1053.5297812591725,1211.9649334861138,994.0397376362778,1076.5486381639366,-111.05933474653409,1026356
1078.562607095886,1212.7827505369623,994.7441882212732,1052.1772664337507,-115.40514905098729,1026390
1210.8798454016815,1050.352321842533,991.88406580608,1079.8027126268944,-46.20360720195576,1026423
991.8598691347482,1209.8342861731105,1080.2150163919623,1049.9104723737162,-45.036722624548396,1026456
1047.0214897508074,1212.1204560603703,991.5457629378485,1079.883632663828,-50.6798095494722,1026490
1214.8226207969624,1079.563344258478,993.1127831218365,1048.329146785493,-41.97146690200546,1026523
1080.6777608210991,1221.9791323913842,991.0489392557766,1048.8107550935965,-33.154533391280324,1026556
1048.219919673348,1228.6272827835137,993.0906303052103,1081.6588275476618,-104.36157643539332,1026590
1046.524247210737,1228.4156462696167,994.3535588511764,1083.9247934847263,-77.08413818778425,1026623
1085.823682012608,1229.7698971758905,995.04271265107,1045.2502092800555,-56.863161164850524,1026656
1087.631122852918,1226.7098271392465,995.1748590071998,1041.7110923859839,-83.08120340121681,1026690
1090.0894949906165,1223.037203031862,994.8597891160342,1040.156718961138,-59.78582220543036,1026723
1040.5123737851463,1220.5281643616422,1090.4020254534985,994.9984924611695,-68.84577381561984,1026756
1219.5035875305985,1090.1775336430032,996.6348378418246,1038.8763160261187,-68.8902801172269,1026790
1092.2052104539496,1221.242809600122,997.2592441286267,1041.1119056086143,-64.55651448728804,1026823
1000.066497789022,1091.7325393518074,1224.990204042465,1039.6393605476853,-28.125040908808028,1026856
1038.249006741639,1225.114280383671,1092.345440156404,998.9699695186036,-81.87873902445514,1026890
1093.5781850952887,1225.0069387558585,998.0275547298281,1039.8216193174674,-52.50616738874197,1026923
1093.4633817393585,1225.6626779012242,998.3446298748744,1040.2095942645406,-78.66559025186952,1026956
1092.4600922423142,999.3322770730464,1227.49582484015,1042.2984217583753,-53.89371582837499,1026990
1091.2933885734487,1231.6562020304204,999.3462863292183,1042.7818563822445,-45.48011176032085,1027023
1092.594717322691,1233.690398762996,998.2815234191205,1043.8496060256957,-53.567357098714,1027056
1045.3047402552043,1240.2588439515357,1089.5682026887548,997.2366820369175,-29.263379192409396,1027090
1050.2237856761767,1242.5300801187873,1089.8823992406762,999.1936749199326,-47.711650774021166,1027123
999.5503989294386,1241.8429852441088,1088.8110778341847,1048.4989270380777,-27.87357112109789,1027156
1088.5516741504566,1242.2970659226398,996.579650605008,1047.0883439328318,-44.50540847609437,1027190
1086.8126467754787,1243.1874355864445,996.0190761225409,1048.380179133505,-8.541617757044346,1027223
1050.6012564241487,1244.7465605495763,995.9046139063721,1086.1663345287343,-4.38747282811349,1027256
1246.8404067882946,1050.442287800715,996.7682779864134,1085.1320606903587,-8.821723790932957,1027290
1084.7146952721523,1252.261154871459,997.7920625060113,1051.1222573992047,-14.059721282937968,1027323
997.9704404440043,1257.105803025346,1084.4279964310913,1053.1770981178806,-22.841112898152133,1027356
1258.7589125801653,1055.000473933543,997.9388758836885,1083.779085675195,-40.786906077064515,1027390
1059.2308530249672,1262.483267215847,998.6435800624765,1085.505179980144,-62.00847254988204,1027423
1000.6587830024778,1262.0463541407662,1085.8490790806622,1059.3554644216454,-42.5549193556396,1027456
1059.4314512982896,1261.1574049261258,998.7181784667785,1086.751985683783,-30.243224708899533,1027490
1087.562084390841,1260.8433685434522,997.8221284377291,1058.2967447743567,-31.425190898693938,1027523
1087.2675828315428,1260.7025818963011,997.7885547549641,1057.2913505746653,-12.406647308647974,1027556
1086.8433627049944,1259.6733703623333,998.0090179953286,1057.0529788047522,-20.009888200233547,1027590
1087.086285682049,1261.8117926220218,998.2765147993816,1058.182403936108,-26.814964012580514,1027623
1086.1998335010205,1264.3492397276948,996.9879638190222,1059.296936651853,-24.84340471069529,1027656
1087.173616811751,1262.5933628845037,998.3791864817696,1058.6670864818648,-45.05381691331068,1027690
998.0065130048,1264.2187310746508,1088.2025174810278,1059.0514623945335,-50.561895907532055,1027723
1090.044271129242,1263.4504343265708,998.4688277557792,1059.0410756906458,-57.973956639394075,1027756
998.732196336936,1259.6043029459688,1088.4811750442116,1058.5919893896798,-63.463148745107766,1027790
1258.3930228668626,1088.9592741620258,1000.8426449747233,1058.0874254994244,-59.39843302755544,1027823
1258.4212331330077,1088.724538678884,999.6784483022528,1057.8497057710986,-35.757756902107765,1027856
1087.5304220421262,1262.6820660799772,999.916996555214,1057.7036446944862,-35.16226574941751,1027890
1086.1787695892963,1264.0526096646452,999.0450440295473,1060.0556589160778,-43.36098696531002,1027923
1086.9316724594314,1265.240688564828,1000.7891885906841,1059.4706225280624,-55.078809086481904,1027956
1000.2119775327628,1264.5398372530617,1086.7736552424367,1060.3174053084294,-68.04454198618505,1027990
1263.7820223440433,1059.6669288035746,998.042584261814,1086.8345437202754,-51.34915268150649,1028023
1059.2303809842315,1261.0003965106434,999.64543714259,1087.2464492006966,-58.31740095423039,1028056
1086.4416163715696,1264.6738710039044,998.7116701030383,1058.5603431075624,-32.22843186311186,1028090
1263.8116948343215,1086.8985617771698,1001.7519653087784,1059.8801819073701,-37.032813439544746,1028123
1060.1839463036592,1263.2161335258509,999.7669728491735,1087.2008969130636,-42.41950286001151,1028156
1060.1400850830987,1264.3492397276948,998.7116701030383,1086.2586177649146,-56.43066291452466,1028190
1265.9723535685919,1060.0316033024676,1000.0094999548754,1087.1689187437012,-46.484235303378846,1028223
1089.1637704648892,1263.894774101072,999.8479884462438,1059.2303809842315,-40.56221341229463,1028256
1087.8396417469885,1262.7291871181246,1000.0094999548754,1057.6062594368473,-65.82768756715645,1028290
1087.8675494249746,1264.9442675469936,998.895890471074,1058.5164146105624,-50.38981620050451,1028323
998.2855302968185,1262.141434229936,1087.9248125995277,1060.2117712985457,-36.20426056575944,1028356
1089.0085618338783,1263.3265611076179,997.6582581224895,1059.6211587166424,-58.70450501611462,1028390
1088.0890664216247,1262.2979046168143,1000.316449929721,1059.5489606431597,-43.36706743454288,1028423
1088.333243050678,1260.4086638864396,997.214119434738,1059.8042272042512,-40.50414158820367,1028456
1087.0598463770443,1262.141434229936,998.7567271362932,1059.3984141955282,-36.780789434223124,1028490
1086.874478028723,1263.894774101072,998.7567271362932,1058.6987295732436,-33.7380195824334,1028523
1089.3079446654806,1261.3587911454854,999.826484946263,1058.8493755015395,-65.40337733283087,1028556
998.5118927684337,1263.3265611076179,1087.8679633976926,1059.6537170226884,-36.5884259122127,1028590
1058.443196397426,1261.5427063718453,1000.0709974796789,1088.0892322008974,-30.64553692308749,1028623
1261.7313501692822,1088.3825274156034,1000.5168664245496,1059.3984141955282,-45.94803284642766,1028656
999.0200198194228,1265.376228637159,1088.0930123090866,1059.5489606431597,-21.1931282760637,1028690
1088.1116317641895,1263.1900094601763,1001.1872951650955,1057.0832512153431,-57.15363894663784,1028723
1000.5168664245496,1263.4638894721131,1088.8333522104197,1058.7884585695106,-67.86222844032648,1028756
1088.0003748794918,1261.9742469638595,1000.5168664245496,1060.300429123746,-73.36852417035622,1028790
997.8602106507705,1263.1900094601763,1088.261301556504,1056.1278331717235,-46.67906908828698,1028823
1088.3442777217074,1262.4345527590726,1000.5413534682112,1059.0410756906458,-33.46630083042406,1028856
1059.2955206173583,1262.839261347223,998.1042029768234,1088.0753840091543,-32.91742666317826,1028890
1089.074374952896,1263.7301927231144,1002.5672047299373,1059.3096808771268,-48.01164191669078,1028923
1088.556697434659,1261.082868014628,1001.5098601611469,1059.1647652749784,-35.63294029631675,1028956
1000.6023186061483,1259.1195336424576,1087.7183193357666,1059.9783016647086,-32.715562750226624,1028990
1000.4174128832425,1260.0099205958659,1089.2162009850051,1058.9853634493727,-41.13502358588181,1029023
1259.4383668921635,1087.7841376011343,1000.0094999548754,1056.895926759111,-28.339966712983394,1029056
1258.6862198339982,1089.3005210060917,1002.3043449970672,1057.6053139049557,-33.749871714106035,1029090
1089.193910836172,1259.6043029459688,1001.0084914724749,1057.4048420543572,-33.2491948097353,1029123
1000.0924957222707,1259.4240747262218,1089.4163866819442,1058.3161153455048,-31.8728577130007,1029156
1088.402314163748,1258.9658454461742,1000.1374905481746,1057.7806956075535,-55.80504599602654,1029190
1088.5665758094633,1259.8329254309874,1000.0709974796789,1057.6795355872212,-32.62006091947799,1029223
1088.1701535538318,1257.7837651997263,1000.742724180396,1057.2128451735723,-25.43382925972955,1029256
1088.9336899774944,1259.2589090413455,1002.6654476942945,1055.0497618596007,-65.83766399577513,1029290
1088.9713802470396,1258.0536554535342,1001.1872951650955,1056.7677133599418,-50.666005715625154,1029323
1258.0755144266977,1058.0699409774384,1001.9950099676146,1088.0976757071624,-35.89624134225156,1029356
1087.8198140554823,1258.5090385054848,1000.4973763084039,1057.358028295052,-47.10429659256823,1029390
1088.498964166112,1258.943207615022,996.7873394059537,1057.2128451735723,-43.01001860220386,1029423
1057.1452123525887,1259.856341016705,999.4458464569253,1089.4700509002764,-29.016382699016233,1029456
1258.5249302258578,1056.7506801511888,1089.2526825901775,999.6269304095404,-45.186940203475615,1029490
1089.1483755047325,1259.1195336424576,998.7567271362932,1057.9574660637354,-52.632270804142514,1029523
1089.3013888640874,1260.3051217859904,999.4303377424561,1057.1452123525887,-50.9684375404505,1029556
1057.9995274101025,1259.711871818314,1000.9745251503657,1089.7020172841976,-42.0270535011699,1029590
1089.4774180290879,1259.1195336424576,1000.9650343543475,1057.541488547849,-48.91120934350097,1029623
1087.5993763309139,1258.663576973609,999.3602953890054,1056.6896422318143,-45.19320921390222,1029656
1000.281960249209,1260.1273745141798,1088.54585943553,1058.0444225078643,-43.82381152620971,1029690
1055.4430349384093,1259.9880951818552,1001.5253366740154,1088.1826292199307,-48.1309279979167,1029723
1000.0364993338993,1259.6928196985168,1087.5670172942953,1057.792512735839,-57.965787180283876,1029756
1058.6453608267502,1259.6733703623333,1000.7142449270921,1087.4154969652714,-46.073919543904346,1029790
1089.6157129770472,1260.582801723076,1001.396025556323,1058.8550420147226,-50.19606704153401,1029823
1056.584591975484,1261.157008464846,998.3616579176105,1089.5137196895496,-46.709216482903805,1029856
1057.1452123525887,1261.0170498450843,999.850488823204,1088.7691111374806,-49.64526580038795,1029890
1089.1858661076822,1260.149197515913,1001.8333194698607,1057.9574660637354,-28.29814251600257,1029923
1257.7956908814722,1087.774340245768,1001.7729283625107,1056.7123544276371,-54.96940576878106,1029956
1258.3687853725553,1056.8557138985434,1001.396025556323,1088.7375411276546,-25.133078617183074,1029990
1057.5641824494626,1259.3990630455464,1000.7147445700998,1088.8920342864699,-20.27533494639701,1030023
1089.5210316248458,1257.5022862802277,1001.396025556323,1058.2485530346828,-58.84329426282939,1030056
1088.8881757384552,1257.7603110290927,1001.6431500289912,1056.895926759111,-42.08147395836749,1030090
1057.2128451735723,1257.1853483078778,1000.5928242796867,1088.5547277784199,-36.20926250029616,1030123
1087.973673795237,1258.2165950264684,1000.281960249209,1058.1025470151747,-32.570256990832306,1030156
998.5469443145876,1258.2293113737257,1089.2570582955123,1057.6053139049557,-49.121906814476695,1030190
1088.9711761269182,1259.7162378885175,999.4768631639254,1058.563177141544,-28.55512951241494,1030223
1259.856341016705,1088.043656476892,1001.4604335668984,1056.1103162075447,-59.00320078949002,1030256
1260.582801723076,1088.401529664703,1001.6431500289912,1058.1710636754342,-31.22044706920568,1030290
1001.2796812080029,1259.3990630455464,1088.0138554785542,1056.6475287436203,-39.70057338334499,1030323
1088.6840486076753,1256.7664858676014,1001.7095387386505,1057.042099445429,-42.0846144011185,1030356
1001.3435973730495,1258.0906167681246,1088.9327396251956,1056.7937357876417,-27.9771447313875,1030390
1057.7513885597125,1262.0974605790157,999.7254623145296,1088.3323581715304,-41.35631359062869,1030423
998.4978718054435,1261.2061687131093,1059.003777141517,1087.2954103532916,-48.381249334538055,1030456
1260.149197515913,1057.6053139049557,1000.0464989189253,1087.569264243844,-38.19094420828527,1030490
1002.210556719495,1260.149197515913,1088.5513657122453,1057.2577736767887,-49.84841201085308,1030523
1259.4240747262218,1088.6735505374,1000.4843826867065,1058.5433387443331,-59.80072058240721,1030556
1001.1658204313609,1259.2589090413455,1088.9709803368257,1059.6669288035746,-27.407968505331553,1030590
1000.6622806921424,1258.8256432087805,1089.8197643383937,1057.5041371077468,-24.76251481605717,1030623
1258.8256432087805,1089.1812304602818,1000.7367286154736,1057.701753803973,-30.49442605395151,1030656
1000.0464989189253,1259.7162378885175,1089.357874095558,1057.799130270015,-28.8442920133228,1030690
1058.1464926937101,1261.0396504472014,999.8694914837636,1088.7255164285177,-40.49975491498724,1030723
1002.4624681253658,1259.1195336424576,1088.6610104667736,1059.003777141517,-50.40857892658184,1030756
999.7949789831913,1259.2839235057359,1088.2176401013826,1056.380139911765,-56.735544355646155,1030790
998.9279253279487,1261.3338178293643,1088.6888530747228,1057.8983883152484,-41.16238168950878,1030823
1000.5928242796867,1260.149197515913,1088.8070864849478,1058.443196397426,-50.25684031813849,1030856
1089.73246654083,1257.7956908814722,1000.0464989189253,1057.3372215144987,-32.30273367839178,1030890
1089.6867934845363,1262.2242273067016,1000.9135826833403,1058.0463127859764,-47.38421077907418,1030923
1089.8730671571811,1259.7595008572073,1001.1658204313609,1060.4574484626905,-33.394970797446064,1030956
1088.658472719128,1261.652884116705,1000.0464989189253,1057.3372215144987,-50.4595537119439,1030990
1088.4842784939144,1259.6928196985168,1001.5298298103756,1058.443196397426,-17.950943164735254,1031023
1088.5921567096846,1259.4240747262218,1001.7809141723553,1059.5003539404788,-26.23270031482579,1031056
1001.1658204313609,1259.0059570947233,1088.8833655148624,1056.8415207589073,-33.032610052903955,1031090
1057.799130270015,1260.0099205958659,1001.6042132499243,1088.0741533869495,-34.27346254515612,1031123
1000.2329728618229,1258.7128346052566,1088.467667412452,1058.462091905043,-45.273995391001534,1031156
1089.6513223551733,1261.9302674870748,1000.2329728618229,1057.701753803973,-61.9913792450282,1031190
1262.8210482883155,1058.6595297828287,1000.7367286154736,1088.5898706068779,-19.1872242015858,1031223
1258.3930228668626,1058.9055670832975,1000.9900099401592,1089.3700945723688,-25.594102776554426,1031256
1090.0339874931199,1259.883724793681,1002.9002941469306,1057.8515963971506,-17.812219698132342,1031290
1057.3074292749484,1260.4677703138625,1001.6042132499243,1088.7444695785766,-31.9599241284768,1031323
1000.9135826833403,1261.488406605467,1088.92056919256,1058.117668314824,-58.987978702425465,1031356
1059.1742066345837,1258.2535515546936,1000.2329728618229,1089.5130282416148,-46.72258357180003,1031390
1001.9595800230666,1261.195464628699,1088.2722709317713,1055.883989839793,-27.928642010554125,1031423
1260.0357137795738,1001.2796812080029,1089.0825898539733,1056.6934276316854,-36.22495392421978,1031456
1258.1148596213304,1057.3074292749484,1000.4843826867065,1089.8193052826132,-25.76366664443309,1031490
1088.3073141928066,1258.5741932838127,1000.9900099401592,1054.5828559198183,-26.379748878844232,1031523
1000.5618421666899,1260.7886420808209,1089.6681554646452,1057.3074292749484,-20.621932556151435,1031556
1000.1344909560913,1259.1735384767264,1088.7758827705816,1058.7147868996635,-37.15419428131564,1031590
1089.3200850586418,1259.897218030106,999.8809929186573,1058.7147868996635,-30.504575666849558,1031623
1088.9225110753018,1258.1148596213304,1000.4224107845646,1057.196765034778,-23.529746918016688,1031656
1000.9240730445042,1260.0099205958659,1088.1493215473633,1056.4984619013887,-23.108032026176293,1031690
1002.0444101934804,1262.1117224715092,1088.5870757665978,1057.6062594368473,-28.356947854957298,1031723
1001.2567103395612,1259.1735384767264,1089.8888162543624,1059.128415254732,-27.736407329536068,1031756
1001.6990566033294,1259.897218030106,1089.4791605172682,1057.8515963971506,-35.31759717715818,1031790
1089.4467471870576,1260.635157371077,1000.3889243689176,1056.2537573897666,-23.57008707892712,1031823
1089.289774875198,1260.149197515913,998.4137418926084,1056.648475132577,-38.57270468047988,1031856
1057.9087862382087,1260.0357137795738,1000.7182420641686,1088.8778914372128,-62.875078499036555,1031890
1261.2204406843398,1088.338860337643,1001.3276187142748,1058.7147868996635,-40.050157920926225,1031923
1089.2510008289344,1262.8491596386323,1001.9386208745524,1058.3198949278049,-40.514386329865495,1031956
1089.092850543931,1260.9460733909282,1000.4743874782603,1059.2638953537498,-36.525788189351466,1031990
1261.3587911454854,1058.866374950116,1000.900594464805,1090.20846715897,-38.99626977750578,1032023
1090.2035773266525,1261.3587911454854,1001.342099384621,1058.5527856465164,-40.31996833988114,1032056
1262.8657885935465,1058.5527856465164,999.8519890463788,1089.2866816763037,-31.050245254028333,1032090
1261.818528949389,1059.8858429095087,1000.6327997822178,1089.6221574713861,-34.10789480380712,1032123
1000.2179762431787,1261.2204406843398,1089.470667723106,1058.7062859924843,-29.328341938632462,1032156
1260.7886420808209,1088.8471751259867,1001.0714260231384,1059.2638953537498,-18.658440316968566,1032190
1261.837548973718,1088.4251725524512,1001.755459181531,1058.5527856465164,-50.2875083337909,1032223
1057.690408389903,1259.7595008572073,1002.379668588704,1089.4342911011831,-39.85074572471273,1032256
1058.3066663307002,1261.9484934021673,1002.551245573013,1089.727094842231,-46.717533422537045,1032290
1258.7311071074712,1058.0912058986219,1001.2567103395612,1089.7242016342088,-38.328745371741846,1032323
1057.690408389903,1262.269780989785,1088.468615487007,1001.6835827745207,-48.146199597113984,1032356
1056.6390112048675,1260.624448438154,1000.9900099401592,1089.4244449597047,-43.75744847857719,1032390
1088.65333450473,1261.082868014628,1000.5618421666899,1059.909901831283,-41.834543464038774,1032423
1088.1711827209142,1261.9742469638595,1001.1763081495686,1061.2092159418896,-29.954191533452903,1032456
999.0130129282601,1262.7291871181246,1089.1737687185112,1058.6472500318507,-24.003071030425346,1032490
1088.138902765051,1263.6209874800277,999.266731158403,1059.3573523603827,-29.456578541991934,1032523
1059.7565758229575,1261.5153586064657,1000.3084524285497,1089.7585772871164,-54.486458319814936,1032556
1089.2356356686564,1262.4064321762623,1000.7367286154736,1057.938561543155,-64.4599789959913,1032590
1088.542787802155,1261.1074498233686,1000.3084524285497,1059.5097923096323,-48.19824782452337,1032623
1260.9210919006787,1058.5527856465164,1000.4843826867065,1088.4703366956944,-46.65226712307513,1032656
1058.3402099514126,1261.082868014628,1001.7190224808552,1088.0652359528567,-55.08462170823789,1032690
1260.4876040643953,1088.4730957646261,1000.6622806921424,1058.3449343196196,-25.63959314135361,1032723
1260.3289253206879,1058.0912058986219,1000.0559984320878,1088.3180567162597,-55.614850688419565,1032756
1000.0559984320878,1260.4649935638831,1089.2859973488903,1059.8518764431187,-36.03195926638942,1032790
1087.9891201935698,1262.2456179365408,999.4408436721005,1060.506954244054,-35.348680843749996,1032823
1059.1439939875975,1260.4876040643953,1000.5618421666899,1087.6153089506886,-54.87947219667233,1032856
1089.2368461452609,1261.5153586064657,1000.3084524285497,1059.047685423088,-66.18599905032104,1032890
1090.2089940484884,1261.5153586064657,1002.1112712668189,1057.5958585395463,-31.698591565888496,1032923
1088.6095096816218,1261.2204406843398,1001.4993759359014,1058.7997922175844,-63.670861477635164,1032956
1088.8047480456019,1264.6212871844282,1002.1112712668189,1060.0042452745176,-53.44126670686758,1032990
1058.3066663307002,1262.5438606242558,1000.8161669357664,1088.8381037226427,-41.16776335843937,1033023
1058.7997922175844,1262.3822717386363,1000.8161669357664,1088.243422320547,-42.507552126788596,1033056
1000.6327997822178,1262.5438606242558,1089.0897386276508,1059.1114200120778,-66.08243191006082,1033090
1090.1268745399411,1263.2976688017752,1001.1658204313609,1059.1439939875975,-54.79481155876929,1033123
1260.3293220424573,1000.6442924436235,1089.0448118205709,1057.843088553307,-73.79569339477004,1033156
1058.6472500318507,1260.624448438154,1000.6327997822178,1088.4276350497003,-36.566520233681516,1033190
1001.9386208745524,1259.9186481674124,1088.3889431628918,1058.7997922175844,-51.0168015264172,1033223
1261.3587911454854,1058.7062859924843,1002.194591883233,1088.9852752450422,-32.14059895948833,1033256
1262.3890050218276,1059.4172926661147,1001.9540907646418,1089.8337482968072,-48.80214666301864,1033290
1089.3916659295653,1261.3587911454854,1001.4993759359014,1059.2638953537498,-31.596406412632238,1033323
1001.0024974993819,1259.8714220109923,1090.5743318047141,1058.5527856465164,-47.25361740288854,1033356
1090.687091984364,1261.9484934021673,1000.20447909415,1059.1723183693955,-46.33475738280768,1033390
1058.6146607713308,1261.1118110619693,1000.900594464805,1088.9898632621166,-37.155424713602095,1033423
1090.2335836814675,1262.6820660799772,999.7769751299537,1058.3066663307002,-75.46602612933043,1033456
1089.6178565824966,1260.514180800835,1000.2179762431787,1057.3495164797685,-48.85323313119998,1033490
1000.20447909415,1261.2493805746744,1088.9994260728918,1058.5527856465164,-24.500025824104096,1033523
999.6069227451359,1262.3890050218276,1088.0270611958845,1057.5958585395463,-72.2282108945741,1033556
1261.3786108857246,1057.7494977545487,1089.6876898404032,1001.4294782959008,-31.47722057014263,1033590
1262.5933628845037,1089.503679443459,1003.6612974504895,1059.9764148319528,-34.464958328267954,1033623
1059.8518764431187,1260.7886420808209,1002.2973610660661,1090.3916311613643,-23.181386519071506,1033656
1059.0188855728684,1262.1339073172862,1000.8161669357664,1089.8620844099055,-55.27393139215118,1033690
1089.906854871463,1263.6209874800277,1002.012474972243,1059.1076432544521,-28.09540839001122,1033723
1088.7321220922934,1261.5427063718453,1003.3184937994515,1057.9966918662838,-32.73264882317948,1033756
1058.6146607713308,1262.249975242622,1090.2328300257914,1001.8428020403201,-47.75266790729142,1033790
1262.249975242622,1057.5031914845458,1000.8086730239702,1090.9430408794851,-32.56311324334615,1033823
1089.6132852327967,1260.4959341465565,999.7769751299537,1059.2638953537498,-21.777288384041398,1033856
1001.0714260231384,1262.1117224715092,1090.166831568265,1058.061434889298,-35.55869682065813,1033890
1059.1723183693955,1263.0031670585786,1001.5847442927633,1090.4009383096427,-17.587466901961548,1033923
1089.217574919575,1262.1117224715092,1002.8788560937957,1058.7062859924843,-32.14897263951661,1033956
1259.897218030106,1058.2150065086016,1000.900594464805,1090.3597948834672,-29.035403366749247,1033990
1058.4602023694608,1259.6043029459688,1001.342099384621,1088.4468269176923,-47.00994561464447,1034023
1001.9540907646418,1260.6510222896738,1089.2591753680545,1059.5716115487428,-20.89775301226471,1034056
1090.2609935357784,1262.1117224715092,1001.7679371990301,1057.9697538209682,-11.931948754454641,1034090
1090.2940175124158,1263.2976688017752,1002.7247877658157,1056.9243113865818,-27.9107532713416,1034123
1059.1510751540593,1260.7886420808209,1001.7679371990301,1089.695751010082,-41.34046114649603,1034156
1260.9460733909282,1059.2379336107633,1001.1743104974278,1090.171781973857,-31.971575890452975,1034190
1262.8657885935465,1059.1510751540593,1002.8015755871148,1091.096697991143,-39.991265649287286,1034223
1260.514180800835,1089.361425944155,1000.9170794826113,1061.3962502289144,-34.36732983464171,1034256
1002.8190265446702,1261.4059616158472,1087.9181693437683,1060.1084850146233,-47.113623407233554,1034290
1089.6327766620593,1260.6510222896738,1000.4928785353746,1058.839459030499,-26.82404746243087,1034323
1090.166831568265,1262.2979046168143,1002.9107637272621,1060.0400935813702,-35.55869682065813,1034356
1089.8017168632587,1260.0547607147873,1001.1743104974278,1058.2806811049704,-39.43584378709815,1034390
1090.6673235061478,1260.6815616958947,1001.9515956372344,1059.3082648596678,-33.578871871832085,1034423
1091.063137615251,1263.0031670585786,1002.1162607202818,1058.2669795472218,-56.459474328651275,1034456
1089.6948143640257,1260.7886420808209,1000.6602820138311,1059.6381457837388,-32.42309630341539,1034490
1000.6602820138311,1262.6820660799772,1090.3473382430304,1060.6837417439754,-8.36397267723699,1034523
1258.6468925000372,1090.6528317093173,1000.2909576718166,1056.4871035653962,-18.80136889496598,1034556
1058.6623635512883,1255.3788272868076,1003.0398795661117,1089.4903545865875,-21.534525583736286,1034590
1090.0148563962969,1251.6720816571726,1000.4823836530056,1054.0825394626363,-15.225670721063352,1034623
1089.9697682895435,1246.5556545938894,1001.1198729422965,1052.5027315879042,-5.808429677634678,1034656
1048.1550457828268,1243.2127734221524,1089.9866832653363,1000.2779613687387,-1.0606084629126133,1034690
1091.6690067147308,1243.5055287372068,1000.0649978876373,1041.8728329311596,-11.55955694596041,1034723
1091.4620027352912,1237.596864895835,996.8294738820678,1033.5187468062686,-7.393170134872592,1034756
997.2928356305383,1239.1109716244143,1091.4158194179731,1022.2680666048411,-16.01824838902739,1034790
